land_size_m2,building_size_m2,bedrooms,bathrooms,city,price_in_rp
239.0,272.0,4.0,4.0, Bekasi,2990000000.0
55.0,69.0,3.0,2.0, Bekasi,1270000000.0
119.0,131.0,3.0,3.0, Bekasi,1950000000.0
180.0,174.0,3.0,3.0, Bekasi,3300000000.0
328.0,196.0,4.0,3.0, Bekasi,4500000000.0
136.0,200.0,3.0,3.0, Bekasi,2700000000.0
144.0,144.0,2.0,2.0, Bekasi,2350000000.0
216.0,250.0,4.0,4.0, Bekasi,4500000000.0
136.0,200.0,3.0,3.0, Bekasi,2700000000.0
144.0,186.0,3.0,2.0, Bekasi,2550000000.0
55.0,50.0,2.0,2.0, Bekasi,952000000.0
119.0,82.0,2.0,1.0, Bekasi,1800000000.0
144.0,149.0,3.0,3.0, Bekasi,2350000000.0
144.0,200.0,3.0,3.0, Bekasi,2500000000.0
193.0,136.0,3.0,3.0, Bekasi,2700000000.0
192.0,370.0,5.0,4.0, Bekasi,5360000000.0
55.0,50.0,2.0,2.0, Bekasi,952000000.0
119.0,150.0,4.0,3.0, Bekasi,2250000000.0
119.0,150.0,3.0,2.0, Bekasi,2250000000.0
144.0,150.0,3.0,3.0, Bekasi,2450000000.0
110.0,110.0,3.0,1.0, Bekasi,125000000.0
119.0,98.0,2.0,2.0, Bekasi,1980000000.0
78.0,83.0,3.0,3.0, Bekasi,764000000.0
78.0,83.0,3.0,3.0, Bekasi,764000000.0
119.0,140.0,3.0,2.0, Bekasi,2350000000.0
144.0,186.0,3.0,2.0, Bekasi,2550000000.0
55.0,30.0,2.0,1.0, Bekasi,480000000.0
91.0,120.0,2.0,3.0, Bekasi,1900000000.0
60.0,36.0,2.0,1.0, Bekasi,300000000.0
192.0,307.0,4.0,3.0, Bekasi,5270000000.0
150.0,200.0,4.0,3.0, Bekasi,2800000000.0
135.0,149.0,4.0,4.0, Bekasi,2710000000.0
72.0,42.0,3.0,1.0, Bekasi,500000000.0
60.0,37.0,3.0,1.0, Bekasi,439000000.0
92.0,82.0,3.0,2.0, Bekasi,800000000.0
200.0,125.0,3.0,2.0, Bekasi,850000000.0
90.0,146.0,3.0,2.0, Bekasi,700000000.0
348.0,430.0,5.0,4.0, Bekasi,4950000000.0
84.0,105.0,4.0,4.0, Bekasi,1300000000.0
120.0,90.0,3.0,2.0, Bekasi,1200000000.0
160.0,296.0,5.0,4.0, Bekasi,2650000000.0
84.0,105.0,4.0,4.0, Bekasi,1300000000.0
84.0,105.0,4.0,4.0, Bekasi,1300000000.0
84.0,105.0,4.0,3.0, Bekasi,1300000000.0
90.0,65.0,2.0,1.0, Bekasi,425000000.0
70.0,40.0,2.0,1.0, Bekasi,280000000.0
127.0,190.0,6.0,2.0, Bekasi,999000000.0
400.0,398.0,5.0,4.0, Bekasi,5750000000.0
100.0,136.0,3.0,2.0, Bekasi,1500000000.0
700.0,1400.0,8.0,9.0, Bekasi,6800000000.0
250.0,400.0,4.0,5.0, Bekasi,3000000000.0
60.0,19.0,2.0,1.0, Bekasi,168000000.0
90.0,80.0,3.0,1.0, Bekasi,870000000.0
86.0,45.0,2.0,1.0, Bekasi,495000000.0
60.0,36.0,2.0,1.0, Bekasi,275000000.0
70.0,70.0,2.0,2.0, Bekasi,300000000.0
55.0,60.0,2.0,2.0, Bekasi,1440000000.0
78.0,83.0,3.0,3.0, Bekasi,764000000.0
78.0,83.0,3.0,3.0, Bekasi,764000000.0
86.0,45.0,2.0,1.0, Bekasi,495000000.0
100.0,136.0,4.0,3.0, Bekasi,1500000000.0
60.0,36.0,2.0,1.0, Bekasi,300000000.0
60.0,36.0,2.0,1.0, Bekasi,365000000.0
60.0,38.0,2.0,1.0, Bekasi,350000000.0
60.0,38.0,2.0,1.0, Bekasi,351000000.0
60.0,36.0,2.0,1.0, Bekasi,393000000.0
72.0,36.0,2.0,1.0, Bekasi,392000000.0
66.0,36.0,2.0,1.0, Bekasi,440000000.0
60.0,38.0,2.0,1.0, Bekasi,351000000.0
66.0,38.0,2.0,1.0, Bekasi,401000000.0
160.0,216.0,4.0,4.0, Bekasi,1990000000.0
126.0,126.0,3.0,2.0, Bekasi,1150000000.0
376.0,700.0,5.0,4.0, Bekasi,3200000000.0
66.0,87.0,3.0,2.0, Bekasi,950000000.0
126.0,80.0,2.0,2.0, Bekasi,1500000000.0
84.0,56.0,2.0,2.0, Bekasi,1250000000.0
152.0,200.0,5.0,3.0, Bekasi,1200000000.0
376.0,700.0,5.0,5.0, Bekasi,3200000000.0
90.0,60.0,2.0,1.0, Bekasi,850000000.0
139.0,120.0,3.0,2.0, Bekasi,1280000000.0
58.0,90.0,3.0,3.0, Bekasi,895000000.0
131.0,225.0,4.0,3.0, Bekasi,1450000000.0
126.0,90.0,2.0,1.0, Bekasi,1300000000.0
90.0,60.0,2.0,2.0, Bekasi,690000000.0
90.0,120.0,2.0,1.0, Bekasi,950000000.0
90.0,160.0,4.0,3.0, Bekasi,1350000000.0
138.0,120.0,3.0,2.0, Bekasi,1000000000.0
160.0,216.0,3.0,3.0, Bekasi,2850000000.0
78.0,52.0,3.0,2.0, Bekasi,1150000000.0
36.0,63.0,2.0,1.0, Bekasi,342000000.0
36.0,60.0,2.0,1.0, Bekasi,327000000.0
90.0,70.0,2.0,1.0, Bekasi,975000000.0
90.0,70.0,3.0,2.0, Bekasi,975000000.0
105.0,100.0,4.0,3.0, Bekasi,1370000000.0
105.0,100.0,4.0,3.0, Bekasi,1370000000.0
144.0,157.0,3.0,3.0, Bekasi,2150000000.0
144.0,157.0,3.0,3.0, Bekasi,2150000000.0
144.0,157.0,3.0,3.0, Bekasi,2150000000.0
126.0,94.0,3.0,2.0, Bekasi,1200000000.0
114.0,228.0,2.0,3.0, Bekasi,1550000000.0
108.0,69.0,2.0,2.0, Bekasi,1250000000.0
60.0,29.0,2.0,1.0, Bekasi,168000000.0
144.0,77.0,3.0,1.0, Bekasi,1400000000.0
77.0,140.0,3.0,2.0, Bekasi,799000000.0
54.0,63.0,3.0,2.0, Bekasi,779000000.0
66.0,60.0,2.0,1.0, Bekasi,775000000.0
144.0,157.0,3.0,3.0, Bekasi,2150000000.0
179.0,56.0,2.0,2.0, Bekasi,1750000000.0
94.0,75.0,2.0,1.0, Bekasi,750000000.0
125.0,136.0,5.0,4.0, Bekasi,1250000000.0
94.0,70.0,3.0,2.0, Bekasi,870000000.0
126.0,80.0,2.0,2.0, Bekasi,1500000000.0
105.0,105.0,3.0,2.0, Bekasi,1500000000.0
325.0,200.0,4.0,4.0, Bekasi,4300000000.0
90.0,90.0,2.0,2.0, Bekasi,1300000000.0
90.0,90.0,2.0,2.0, Bekasi,1300000000.0
133.0,80.0,2.0,2.0, Bekasi,1800000000.0
36.0,60.0,3.0,1.0, Bekasi,520000000.0
84.0,56.0,2.0,2.0, Bekasi,1300000000.0
94.0,110.0,2.0,1.0, Bekasi,685000000.0
105.0,70.0,2.0,1.0, Bekasi,930000000.0
94.0,110.0,2.0,1.0, Bekasi,685000000.0
180.0,150.0,4.0,3.0, Bekasi,2100000000.0
60.0,45.0,3.0,1.0, Bekasi,520000000.0
60.0,45.0,3.0,1.0, Bekasi,520000000.0
119.0,63.0,2.0,1.0, Bekasi,1200000000.0
119.0,63.0,2.0,1.0, Bekasi,1200000000.0
131.0,225.0,4.0,3.0, Bekasi,1450000000.0
90.0,53.0,2.0,2.0, Bekasi,1200000000.0
131.0,225.0,4.0,3.0, Bekasi,1450000000.0
108.0,69.0,2.0,2.0, Bekasi,1400000000.0
96.0,70.0,2.0,1.0, Bekasi,620000000.0
144.0,110.0,2.0,2.0, Bekasi,1450000000.0
144.0,120.0,3.0,2.0, Bekasi,1800000000.0
160.0,260.0,3.0,2.0, Bekasi,1600000000.0
160.0,280.0,4.0,5.0, Bekasi,3000000000.0
160.0,280.0,4.0,5.0, Bekasi,3000000000.0
120.0,260.0,3.0,2.0, Bekasi,1600000000.0
144.0,120.0,3.0,2.0, Bekasi,1800000000.0
270.0,175.0,3.0,3.0, Bekasi,2700000000.0
108.0,69.0,2.0,2.0, Bekasi,1400000000.0
53.0,63.0,3.0,2.0, Bekasi,970000000.0
60.0,55.0,2.0,1.0, Bekasi,575000000.0
72.0,69.0,3.0,2.0, Bekasi,900000000.0
60.0,110.0,3.0,3.0, Bekasi,1250000000.0
72.0,42.0,3.0,1.0, Bekasi,525000000.0
70.0,38.0,2.0,1.0, Bekasi,510000000.0
92.0,120.0,2.0,2.0, Bekasi,895000000.0
135.0,110.0,4.0,3.0, Bekasi,2500000000.0
165.0,180.0,4.0,3.0, Bekasi,1650000000.0
94.0,75.0,1.0,1.0, Bekasi,690000000.0
78.0,54.0,2.0,1.0, Bekasi,750000000.0
78.0,83.0,3.0,3.0, Bekasi,764000000.0
78.0,83.0,3.0,3.0, Bekasi,764000000.0
60.0,40.0,2.0,2.0, Bekasi,42000000.0
77.0,150.0,3.0,3.0, Bekasi,1400000000.0
60.0,48.0,2.0,2.0, Bekasi,500000000.0
66.0,63.0,2.0,1.0, Bekasi,342000000.0
78.0,83.0,3.0,3.0, Bekasi,764000000.0
78.0,83.0,3.0,3.0, Bekasi,764000000.0
60.0,48.0,2.0,2.0, Bekasi,500000000.0
90.0,70.0,2.0,1.0, Bekasi,1150000000.0
72.0,60.0,2.0,1.0, Bekasi,599000000.0
200.0,90.0,3.0,2.0, Bekasi,1680000000.0
121.0,105.0,3.0,3.0, Bekasi,1560000000.0
84.0,77.0,3.0,3.0, Bekasi,1180000000.0
84.0,77.0,3.0,2.0, Bekasi,1180000000.0
95.0,60.0,3.0,2.0, Bekasi,990000000.0
84.0,91.0,3.0,2.0, Bekasi,800000000.0
72.0,40.0,2.0,1.0, Bekasi,718000000.0
60.0,64.0,3.0,2.0, Bekasi,1390000000.0
78.0,83.0,3.0,3.0, Bekasi,764000000.0
86.0,115.0,4.0,3.0, Bekasi,1200000000.0
86.0,115.0,3.0,3.0, Bekasi,1310000000.0
72.0,36.0,2.0,1.0, Bekasi,680000000.0
72.0,36.0,2.0,1.0, Bekasi,680000000.0
165.0,90.0,3.0,2.0, Bekasi,1200000000.0
72.0,36.0,2.0,1.0, Bekasi,680000000.0
72.0,36.0,2.0,1.0, Bekasi,680000000.0
165.0,90.0,3.0,2.0, Bekasi,1200000000.0
72.0,36.0,2.0,1.0, Bekasi,680000000.0
165.0,90.0,3.0,2.0, Bekasi,1200000000.0
60.0,36.0,2.0,1.0, Bekasi,390000000.0
70.0,41.0,2.0,1.0, Bekasi,455000000.0
125.0,65.0,3.0,2.0, Bekasi,1010000000.0
96.0,48.0,2.0,1.0, Bekasi,690000000.0
72.0,60.0,3.0,2.0, Bekasi,988000000.0
60.0,55.0,2.0,1.0, Bekasi,465000000.0
60.0,55.0,2.0,2.0, Bekasi,480000000.0
72.0,48.0,2.0,1.0, Bekasi,625000000.0
210.0,310.0,4.0,4.0, Bekasi,3000000000.0
84.0,77.0,3.0,2.0, Bekasi,1180000000.0
105.0,90.0,2.0,2.0, Bekasi,1080000000.0
90.0,70.0,2.0,1.0, Bekasi,1050000000.0
105.0,90.0,2.0,2.0, Bekasi,1080000000.0
90.0,70.0,2.0,1.0, Bekasi,1150000000.0
105.0,90.0,2.0,2.0, Bekasi,1080000000.0
105.0,90.0,2.0,2.0, Bekasi,1080000000.0
90.0,70.0,2.0,1.0, Bekasi,1150000000.0
90.0,70.0,2.0,1.0, Bekasi,1150000000.0
90.0,70.0,2.0,1.0, Bekasi,1150000000.0
84.0,77.0,3.0,3.0, Bekasi,1210000000.0
84.0,77.0,3.0,3.0, Bekasi,1180000000.0
90.0,70.0,2.0,1.0, Bekasi,1150000000.0
84.0,77.0,3.0,3.0, Bekasi,1180000000.0
89.0,52.0,2.0,1.0, Bekasi,968000000.0
165.0,180.0,4.0,3.0, Bekasi,1650000000.0
84.0,77.0,3.0,3.0, Bekasi,1180000000.0
80.0,55.0,2.0,1.0, Bekasi,720000000.0
84.0,105.0,4.0,3.0, Bekasi,1300000000.0
101.0,84.0,3.0,2.0, Bekasi,1190000000.0
84.0,77.0,3.0,2.0, Bekasi,1180000000.0
87.0,77.0,3.0,3.0, Bekasi,1300000000.0
80.0,55.0,2.0,1.0, Bekasi,600000000.0
70.0,45.0,2.0,1.0, Bekasi,500000000.0
82.0,72.0,3.0,3.0, Bekasi,1100000000.0
92.0,130.0,3.0,3.0, Bekasi,1280000000.0
216.0,300.0,3.0,4.0, Bekasi,3700000000.0
95.0,88.0,4.0,2.0, Bekasi,1070000000.0
52.0,36.0,2.0,1.0, Bekasi,476000000.0
70.0,120.0,3.0,3.0, Bekasi,968000000.0
70.0,65.0,3.0,2.0, Bekasi,884000000.0
95.0,140.0,4.0,3.0, Bekasi,1180000000.0
183.0,136.0,5.0,4.0, Bekasi,4040000000.0
180.0,172.0,3.0,3.0, Bekasi,1100000000.0
175.0,250.0,3.0,2.0, Bekasi,2250000000.0
115.0,113.0,3.0,2.0, Bekasi,1800000000.0
97.0,76.0,2.0,1.0, Bekasi,800000000.0
70.0,85.0,3.0,2.0, Bekasi,920000000.0
91.0,165.0,4.0,4.0, Bekasi,1970000000.0
178.0,110.0,3.0,3.0, Bekasi,1990000000.0
760.0,350.0,4.0,2.0, Bekasi,3950000000.0
154.0,150.0,4.0,3.0, Bekasi,1250000000.0
707.0,338.0,6.0,4.0, Bekasi,5300000000.0
75.0,80.0,3.0,3.0, Bekasi,1110000000.0
91.0,165.0,3.0,4.0, Bekasi,1870000000.0
118.0,156.0,3.0,3.0, Bekasi,1590000000.0
118.0,156.0,3.0,3.0, Bekasi,1620000000.0
64.0,47.0,2.0,1.0, Bekasi,500000000.0
78.0,54.0,2.0,1.0, Bekasi,750000000.0
65.0,53.0,2.0,2.0, Bekasi,600000000.0
97.0,70.0,2.0,1.0, Bekasi,799000000.0
97.0,70.0,2.0,1.0, Bekasi,799000000.0
97.0,70.0,2.0,1.0, Bekasi,799000000.0
96.0,80.0,3.0,2.0, Bekasi,959000000.0
70.0,70.0,3.0,2.0, Bekasi,774000000.0
80.0,90.0,3.0,2.0, Bekasi,995000000.0
112.0,71.0,2.0,2.0, Bekasi,1400000000.0
72.0,90.0,3.0,2.0, Bekasi,1050000000.0
100.0,70.0,3.0,2.0, Bekasi,975000000.0
72.0,50.0,2.0,1.0, Bekasi,620000000.0
72.0,80.0,3.0,2.0, Bekasi,959000000.0
100.0,66.0,3.0,2.0, Bekasi,875000000.0
72.0,50.0,2.0,1.0, Bekasi,600000000.0
42.0,63.0,3.0,2.0, Bekasi,807000000.0
60.0,50.0,3.0,1.0, Bekasi,580000000.0
63.0,45.0,2.0,1.0, Bekasi,679000000.0
72.0,80.0,3.0,2.0, Bekasi,900000000.0
70.0,90.0,3.0,2.0, Bekasi,849000000.0
75.0,66.0,3.0,2.0, Bekasi,880000000.0
65.0,58.0,2.0,2.0, Bekasi,695000000.0
60.0,36.0,2.0,1.0, Bekasi,465000000.0
42.0,62.0,2.0,2.0, Bekasi,857000000.0
72.0,45.0,2.0,1.0, Bekasi,650000000.0
175.0,140.0,4.0,3.0, Bekasi,145000000.0
300.0,250.0,4.0,4.0, Bekasi,1990000000.0
99.0,71.0,3.0,3.0, Bekasi,675000000.0
66.0,57.0,2.0,1.0, Bekasi,350000000.0
66.0,57.0,2.0,1.0, Bekasi,350000000.0
250.0,252.0,5.0,4.0, Bekasi,2790000000.0
250.0,252.0,5.0,4.0, Bekasi,2790000000.0
250.0,252.0,5.0,4.0, Bekasi,2790000000.0
78.0,54.0,2.0,1.0, Bekasi,750000000.0
70.0,42.0,2.0,1.0, Bekasi,400000000.0
175.0,133.0,4.0,3.0, Bekasi,1350000000.0
175.0,133.0,4.0,3.0, Bekasi,1350000000.0
78.0,54.0,2.0,1.0, Bekasi,750000000.0
60.0,40.0,2.0,1.0, Bekasi,550000000.0
78.0,54.0,3.0,2.0, Bekasi,700000000.0
63.0,45.0,2.0,1.0, Bekasi,682000000.0
200.0,300.0,3.0,3.0, Bekasi,2300000000.0
165.0,90.0,3.0,2.0, Bekasi,1200000000.0
382.0,350.0,4.0,3.0, Bekasi,4300000000.0
612.0,376.0,4.0,4.0, Bekasi,4500000000.0
112.0,65.0,3.0,2.0, Bekasi,1250000000.0
160.0,127.0,3.0,2.0, Bekasi,2300000000.0
160.0,127.0,3.0,2.0, Bekasi,2200000000.0
60.0,36.0,2.0,1.0, Bekasi,410000000.0
105.0,101.0,4.0,3.0, Bekasi,1960000000.0
66.0,42.0,2.0,2.0, Bekasi,875000000.0
60.0,58.0,2.0,2.0, Bekasi,695000000.0
140.0,170.0,4.0,3.0, Bekasi,1800000000.0
72.0,90.0,3.0,2.0, Bekasi,1050000000.0
72.0,90.0,3.0,2.0, Bekasi,1050000000.0
72.0,90.0,3.0,2.0, Bekasi,1050000000.0
72.0,90.0,3.0,2.0, Bekasi,1050000000.0
72.0,90.0,3.0,2.0, Bekasi,1050000000.0
105.0,100.0,3.0,2.0, Bekasi,1250000000.0
182.0,300.0,5.0,5.0, Bekasi,1690000000.0
92.0,170.0,3.0,3.0, Bekasi,1620000000.0
84.0,47.0,2.0,1.0, Bekasi,735000000.0
92.0,160.0,3.0,3.0, Bekasi,1620000000.0
120.0,200.0,4.0,2.0, Bekasi,2100000000.0
92.0,48.0,2.0,1.0, Bekasi,799000000.0
160.0,285.0,4.0,2.0, Bekasi,3400000000.0
123.0,165.0,3.0,3.0, Bekasi,1250000000.0
77.0,109.0,3.0,2.0, Bekasi,1200000000.0
72.0,90.0,3.0,2.0, Bekasi,1050000000.0
160.0,205.0,3.0,2.0, Bekasi,1350000000.0
78.0,46.0,3.0,2.0, Bekasi,700000000.0
154.0,154.0,3.0,2.0, Bekasi,2200000000.0
75.0,55.0,2.0,1.0, Bekasi,703000000.0
72.0,108.0,3.0,2.0, Bekasi,1050000000.0
72.0,108.0,3.0,2.0, Bekasi,1050000000.0
66.0,87.0,3.0,2.0, Bekasi,950000000.0
136.0,150.0,3.0,3.0, Bekasi,2190000000.0
66.0,87.0,3.0,2.0, Bekasi,950000000.0
75.0,99.0,3.0,2.0, Bekasi,999000000.0
104.0,120.0,3.0,3.0, Bekasi,2100000000.0
72.0,42.0,2.0,1.0, Bekasi,545000000.0
80.0,121.0,3.0,2.0, Bekasi,725000000.0
60.0,29.0,2.0,1.0, Bekasi,463000000.0
98.0,165.0,4.0,2.0, Bekasi,575000000.0
108.0,135.0,2.0,1.0, Bekasi,320000000.0
72.0,45.0,2.0,1.0, Bekasi,468000000.0
60.0,29.0,2.0,1.0, Bekasi,168000000.0
90.0,75.0,3.0,1.0, Bekasi,875000000.0
72.0,36.0,2.0,1.0, Bekasi,496000000.0
53.0,63.0,3.0,2.0, Bekasi,779000000.0
90.0,69.0,3.0,1.0, Bekasi,800000000.0
90.0,69.0,3.0,1.0, Bekasi,800000000.0
78.0,83.0,3.0,3.0, Bekasi,764000000.0
186.0,200.0,4.0,3.0, Bekasi,1600000000.0
105.0,140.0,4.0,3.0, Bekasi,1150000000.0
78.0,83.0,3.0,3.0, Bekasi,764000000.0
60.0,40.0,2.0,2.0, Bekasi,42000000.0
180.0,150.0,2.0,2.0, Bekasi,1350000000.0
210.0,230.0,4.0,2.0, Bekasi,2200000000.0
118.0,71.0,3.0,3.0, Bekasi,2000000000.0
75.0,48.0,2.0,1.0, Bekasi,625000000.0
150.0,196.0,4.0,2.0, Bekasi,1000000000.0
939.0,500.0,36.0,36.0, Bekasi,9000000000.0
119.0,100.0,2.0,2.0, Bekasi,1600000000.0
72.0,36.0,2.0,1.0, Bekasi,680000000.0
72.0,45.0,2.0,1.0, Bekasi,490000000.0
97.0,54.0,3.0,1.0, Bekasi,665000000.0
97.0,54.0,2.0,1.0, Bekasi,445000000.0
97.0,54.0,2.0,1.0, Bekasi,570000000.0
119.0,84.0,2.0,1.0, Bekasi,1050000000.0
250.0,180.0,2.0,1.0, Bekasi,1500000000.0
97.0,54.0,3.0,1.0, Bekasi,665000000.0
97.0,54.0,3.0,1.0, Bekasi,665000000.0
66.0,87.0,3.0,2.0, Bekasi,950000000.0
72.0,60.0,2.0,1.0, Bekasi,650000000.0
120.0,60.0,3.0,1.0, Bekasi,975000000.0
97.0,70.0,2.0,1.0, Bekasi,799000000.0
216.0,300.0,3.0,4.0, Bekasi,3700000000.0
66.0,87.0,3.0,2.0, Bekasi,950000000.0
60.0,36.0,2.0,1.0, Bekasi,350000000.0
40.0,66.0,2.0,1.0, Bekasi,524000000.0
60.0,45.0,2.0,1.0, Bekasi,325000000.0
60.0,45.0,2.0,1.0, Bekasi,325000000.0
60.0,45.0,3.0,1.0, Bekasi,335000000.0
60.0,45.0,2.0,1.0, Bekasi,310000000.0
120.0,88.0,3.0,2.0, Bekasi,1500000000.0
120.0,88.0,3.0,2.0, Bekasi,1500000000.0
72.0,39.0,2.0,1.0, Bekasi,6640000000.0
36.0,61.0,2.0,1.0, Bekasi,327000000.0
36.0,61.0,2.0,1.0, Bekasi,332000000.0
60.0,40.0,2.0,1.0, Bekasi,395000000.0
60.0,29.0,2.0,1.0, Bekasi,168000000.0
72.0,72.0,2.0,1.0, Bekasi,480000000.0
60.0,40.0,2.0,1.0, Bekasi,395000000.0
62.0,62.0,2.0,1.0, Bekasi,360000000.0
72.0,45.0,2.0,1.0, Bekasi,350000000.0
60.0,75.0,3.0,2.0, Bekasi,370000000.0
60.0,45.0,2.0,1.0, Bekasi,320000000.0
55.0,60.0,2.0,1.0, Bekasi,853000000.0
60.0,36.0,2.0,1.0, Bekasi,550000000.0
162.0,230.0,4.0,4.0, Bekasi,2200000000.0
220.0,200.0,4.0,2.0, Bekasi,1950000000.0
90.0,85.0,3.0,2.0, Bekasi,1960000000.0
90.0,150.0,4.0,2.0, Bekasi,1150000000.0
120.0,84.0,2.0,3.0, Bekasi,1800000000.0
130.0,150.0,3.0,2.0, Bekasi,1400000000.0
130.0,150.0,3.0,2.0, Bekasi,1400000000.0
90.0,81.0,3.0,2.0, Bekasi,1250000000.0
255.0,280.0,5.0,3.0, Bekasi,3250000000.0
337.0,550.0,5.0,4.0, Bekasi,6750000000.0
343.0,400.0,5.0,5.0, Bekasi,5000000000.0
90.0,110.0,2.0,1.0, Bekasi,850000000.0
215.0,135.0,3.0,2.0, Bekasi,1850000000.0
105.0,90.0,2.0,2.0, Bekasi,1080000000.0
165.0,90.0,3.0,2.0, Bekasi,1200000000.0
73.0,36.0,2.0,1.0, Bekasi,390000000.0
225.0,211.0,6.0,4.0, Bekasi,2750000000.0
160.0,128.0,4.0,4.0, Bekasi,2750000000.0
153.0,150.0,3.0,2.0, Bekasi,590000000.0
220.0,123.0,3.0,2.0, Bekasi,990000000.0
216.0,96.0,2.0,1.0, Bekasi,2000000000.0
55.0,86.0,2.0,1.0, Bekasi,635000000.0
78.0,41.0,2.0,1.0, Bekasi,475000000.0
60.0,80.0,3.0,2.0, Bekasi,525000000.0
60.0,80.0,3.0,2.0, Bekasi,525000000.0
65.0,90.0,3.0,2.0, Bekasi,1100000000.0
216.0,100.0,2.0,1.0, Bekasi,2000000000.0
78.0,83.0,3.0,3.0, Bekasi,764000000.0
78.0,83.0,3.0,3.0, Bekasi,764000000.0
113.0,85.0,4.0,3.0, Bekasi,920000000.0
70.0,70.0,3.0,2.0, Bekasi,774000000.0
125.0,160.0,3.0,2.0, Bekasi,1700000000.0
209.0,300.0,4.0,4.0, Bekasi,2800000000.0
209.0,300.0,6.0,5.0, Bekasi,2800000000.0
500.0,450.0,6.0,4.0, Bekasi,6000000000.0
102.0,150.0,3.0,2.0, Bekasi,1700000000.0
209.0,300.0,6.0,5.0, Bekasi,2800000000.0
98.0,80.0,2.0,2.0, Bekasi,1250000000.0
181.0,180.0,3.0,3.0, Bekasi,2850000000.0
487.0,650.0,11.0,4.0, Bekasi,4150000000.000001
90.0,135.0,3.0,3.0, Bekasi,1800000000.0
90.0,70.0,2.0,2.0, Bekasi,1000000000.0
90.0,54.0,2.0,1.0, Bekasi,800000000.0
120.0,120.0,3.0,1.0, Bekasi,895000000.0
60.0,60.0,1.0,1.0, Bekasi,450000000.0
120.0,88.0,3.0,2.0, Bekasi,1500000000.0
90.0,54.0,2.0,1.0, Bekasi,590000000.0
90.0,54.0,2.0,1.0, Bekasi,590000000.0
120.0,88.0,2.0,1.0, Bekasi,1500000000.0
105.0,130.0,3.0,2.0, Bekasi,1250000000.0
105.0,130.0,3.0,2.0, Bekasi,1250000000.0
56.0,63.0,3.0,2.0, Bekasi,970000000.0
53.0,63.0,3.0,2.0, Bekasi,779000000.0
90.0,54.0,2.0,1.0, Bekasi,550000000.0
90.0,54.0,2.0,1.0, Bekasi,550000000.0
72.0,60.0,2.0,1.0, Bekasi,375000000.0
75.0,35.0,2.0,1.0, Bekasi,550000000.0
72.0,45.0,2.0,1.0, Bekasi,455000000.0
120.0,90.0,2.0,1.0, Bekasi,900000000.0
82.0,68.0,3.0,3.0, Bekasi,967000000.0
240.0,150.0,5.0,2.0, Bekasi,1500000000.0
200.0,180.0,5.0,4.0, Bekasi,2300000000.0
60.0,30.0,2.0,1.0, Bekasi,390000000.0
60.0,40.0,2.0,1.0, Bekasi,409000000.0
60.0,30.0,2.0,1.0, Bekasi,168000000.0
60.0,36.0,2.0,1.0, Bekasi,300000000.0
123.0,100.0,4.0,1.0, Bekasi,1650000000.0
120.0,100.0,3.0,2.0, Bekasi,450000000.0
150.0,100.0,3.0,2.0, Bekasi,900000000.0
50.0,100.0,3.0,2.0, Bekasi,750000000.0
72.0,90.0,3.0,2.0, Bekasi,1050000000.0
194.0,200.0,3.0,2.0, Bekasi,2500000000.0
52.0,45.0,2.0,1.0, Bekasi,300000000.0
90.0,150.0,4.0,2.0, Bekasi,795000000.0
72.0,108.0,3.0,2.0, Bekasi,1000000000.0
136.0,66.0,3.0,2.0, Bekasi,1900000000.0
84.0,77.0,3.0,3.0, Bekasi,1180000000.0
105.0,95.0,4.0,3.0, Bekasi,1430000000.0
84.0,77.0,3.0,2.0, Bekasi,1180000000.0
60.0,38.0,2.0,1.0, Bekasi,400000000.0
84.0,62.0,2.0,2.0, Bekasi,1470000000.0
78.0,54.0,2.0,2.0, Bekasi,440000000.0
72.0,36.0,2.0,1.0, Bekasi,324000000.0
78.0,83.0,3.0,3.0, Bekasi,764000000.0
78.0,83.0,3.0,3.0, Bekasi,764000000.0
78.0,83.0,3.0,3.0, Bekasi,764000000.0
150.0,195.0,3.0,3.0, Bekasi,1900000000.0
50.0,68.0,2.0,2.0, Bekasi,650000000.0
158.0,272.0,4.0,3.0, Bekasi,1450000000.0
50.0,68.0,2.0,2.0, Bekasi,650000000.0
108.0,80.0,3.0,2.0, Bekasi,925000000.0
66.0,87.0,3.0,2.0, Bekasi,950000000.0
95.0,150.0,4.0,2.0, Bekasi,1300000000.0
95.0,150.0,4.0,2.0, Bekasi,1350000000.0
66.0,30.0,2.0,1.0, Bekasi,490000000.0
120.0,100.0,3.0,2.0, Bekasi,650000000.0
91.0,60.0,2.0,1.0, Bekasi,770000000.0
100.0,85.0,2.0,1.0, Bekasi,720000000.0
66.0,100.0,3.0,2.0, Bekasi,875000000.0
66.0,100.0,3.0,2.0, Bekasi,875000000.0
66.0,100.0,3.0,2.0, Bekasi,875000000.0
72.0,135.0,3.0,2.0, Bekasi,1490000000.0
168.0,250.0,4.0,3.0, Bekasi,2750000000.0
72.0,110.0,3.0,2.0, Bekasi,1900000000.0
72.0,110.0,3.0,2.0, Bekasi,1900000000.0
200.0,400.0,3.0,4.0, Bekasi,2500000000.0
150.0,165.0,5.0,3.0, Bekasi,1590000000.0
179.0,250.0,5.0,3.0, Bekasi,3100000000.0
78.0,55.0,4.0,2.0, Bekasi,700000000.0
90.0,105.0,3.0,3.0, Bekasi,2000000000.0
126.0,165.0,6.0,4.0, Bekasi,2700000000.0
60.0,36.0,2.0,1.0, Bekasi,420000000.0
107.0,90.0,3.0,1.0, Bekasi,1200000000.0
200.0,143.0,3.0,2.0, Bekasi,2300000000.0
164.0,156.0,7.0,2.0, Bekasi,1950000000.0
105.0,110.0,2.0,2.0, Bekasi,2000000000.0
78.0,83.0,3.0,3.0, Bekasi,764000000.0
78.0,83.0,3.0,3.0, Bekasi,764000000.0
194.0,90.0,3.0,2.0, Bekasi,1400000000.0
72.0,45.0,2.0,2.0, Bekasi,385000000.0
90.0,100.0,3.0,2.0, Bekasi,950000000.0
60.0,38.0,3.0,1.0, Bekasi,345000000.0
60.0,50.0,2.0,1.0, Bekasi,250000000.0
72.0,36.0,2.0,1.0, Bekasi,481000000.0
27.0,72.0,2.0,1.0, Bekasi,555000000.0
70.0,40.0,2.0,1.0, Bekasi,375000000.0
80.0,121.0,3.0,2.0, Bekasi,723000000.0
120.0,80.0,2.0,1.0, Bekasi,495000000.0
60.0,53.0,3.0,2.0, Bekasi,850000000.0
77.0,42.0,2.0,1.0, Bekasi,400000000.0
84.0,58.0,2.0,1.0, Bekasi,777000000.0
72.0,48.0,2.0,1.0, Bekasi,625000000.0
1070.0,720.0,5.0,4.0, Bekasi,6000000000.0
72.0,90.0,3.0,2.0, Bekasi,1000000000.0
144.0,133.0,4.0,4.0, Bekasi,1400000000.0
84.0,70.0,2.0,2.0, Bekasi,650000000.0
348.0,430.0,5.0,4.0, Bekasi,4850000000.0
82.0,60.0,3.0,2.0, Bekasi,700000000.0
72.0,36.0,3.0,1.0, Bekasi,418000000.0
60.0,50.0,2.0,1.0, Bekasi,320000000.0
60.0,50.0,2.0,1.0, Bekasi,370000000.0
60.0,45.0,2.0,1.0, Bekasi,325000000.0
119.0,80.0,2.0,1.0, Bekasi,750000000.0
60.0,45.0,2.0,1.0, Bekasi,450000000.0
110.0,70.0,2.0,1.0, Bekasi,600000000.0
110.0,70.0,2.0,2.0, Bekasi,600000000.0
60.0,45.0,2.0,1.0, Bekasi,325000000.0
60.0,45.0,2.0,1.0, Bekasi,435000000.0
119.0,80.0,2.0,1.0, Bekasi,750000000.0
78.0,150.0,4.0,2.0, Bekasi,800000000.0
60.0,45.0,2.0,1.0, Bekasi,480000000.0
60.0,42.0,2.0,1.0, Bekasi,250000000.0
74.0,70.0,2.0,2.0, Bekasi,550000000.0
241.0,140.0,5.0,3.0, Bekasi,2900000000.0
220.0,300.0,3.0,2.0, Bekasi,4800000000.0
93.0,80.0,2.0,2.0, Bekasi,975000000.0
180.0,180.0,3.0,1.0, Bekasi,1400000000.0
72.0,50.0,2.0,1.0, Bekasi,550000000.0
180.0,150.0,2.0,2.0, Bekasi,1350000000.0
90.0,69.0,3.0,1.0, Bekasi,850000000.0
135.0,117.0,4.0,2.0, Bekasi,1100000000.0
93.0,80.0,3.0,2.0, Bekasi,950000000.0
65.0,80.0,3.0,2.0, Bekasi,950000000.0
375.0,385.0,4.0,2.0, Bekasi,2300000000.0
79.0,90.0,3.0,2.0, Bekasi,695000000.0
70.0,90.0,3.0,2.0, Bekasi,695000000.0
135.0,78.0,2.0,1.0, Bekasi,980000000.0
70.0,50.0,2.0,1.0, Bekasi,470000000.0
72.0,36.0,2.0,1.0, Bekasi,496000000.0
80.0,120.0,2.0,2.0, Bekasi,600000000.0
72.0,54.0,2.0,1.0, Bekasi,399000000.0
72.0,50.0,2.0,1.0, Bekasi,450000000.0
200.0,143.0,3.0,2.0, Bekasi,2300000000.0
112.0,112.0,3.0,2.0, Bekasi,475000000.0
126.0,140.0,6.0,3.0, Bekasi,1300000000.0
60.0,36.0,2.0,1.0, Bekasi,265000000.0
100.0,45.0,2.0,1.0, Bekasi,380000000.0
60.0,50.0,3.0,1.0, Bekasi,160000000.0
60.0,80.0,3.0,2.0, Bekasi,525000000.0
105.0,75.0,2.0,1.0, Bekasi,770000000.0
78.0,54.0,2.0,1.0, Bekasi,750000000.0
90.0,55.0,2.0,2.0, Bekasi,690000000.0
78.0,45.0,3.0,2.0, Bekasi,700000000.0
78.0,70.0,3.0,2.0, Bekasi,995000000.0
72.0,60.0,2.0,1.0, Bekasi,570000000.0
84.0,45.0,2.0,1.0, Bekasi,570000000.0
72.0,48.0,2.0,1.0, Bekasi,450000000.0
542.0,300.0,6.0,2.0, Bekasi,3500000000.0
90.0,170.0,3.0,2.0, Bekasi,1150000000.0
90.0,170.0,3.0,2.0, Bekasi,1150000000.0
182.0,220.0,4.0,2.0, Bekasi,1100000000.0
114.0,70.0,3.0,2.0, Bekasi,500000000.0
225.0,300.0,3.0,2.0, Bekasi,2400000000.0
225.0,300.0,3.0,2.0, Bekasi,2400000000.0
94.0,160.0,3.0,2.0, Bekasi,1290000000.0
140.0,100.0,4.0,3.0, Bogor,690000000.0
129.0,100.0,3.0,2.0, Bogor,995000000.0
264.0,400.0,8.0,3.0, Bogor,4500000000.0
923.0,401.0,4.0,5.0, Bogor,11500000000.0
1064.0,800.0,5.0,4.0, Bogor,22500000000.0
90.0,70.0,3.0,1.0, Bogor,945000000.0
90.0,110.0,3.0,2.0, Bogor,1440000000.0
90.0,80.0,2.0,1.0, Bogor,550000000.0
1400.0,300.0,4.0,3.0, Bogor,9500000000.0
420.0,400.0,5.0,5.0, Bogor,5500000000.0
2916.0,500.0,2.0,6.0, Bogor,16500000000.0
90.0,150.0,3.0,2.0, Bogor,1000000000.0
90.0,110.0,3.0,2.0, Bogor,1440000000.0
162.0,196.0,4.0,2.0, Bogor,3000000000.0
105.0,150.0,3.0,2.0, Bogor,1380000000.0
2916.0,500.0,3.0,2.0, Bogor,16500000000.0
70.0,90.0,3.0,1.0, Bogor,945000000.0
90.0,110.0,3.0,2.0, Bogor,1440000000.0
105.0,150.0,3.0,2.0, Bogor,1380000000.0
144.0,200.0,5.0,6.0, Bogor,2000000000.0
300.0,520.0,4.0,4.0, Bogor,5500000000.0
517.0,305.0,4.0,3.0, Bogor,5750000000.0
312.0,250.0,4.0,3.0, Bogor,5900000000.0
514.0,340.0,3.0,3.0, Bogor,6200000000.0
224.0,90.0,2.0,1.0, Bogor,1800000000.0
90.0,100.0,2.0,2.0, Bogor,650000000.0
216.0,120.0,2.0,3.0, Bogor,1900000000.0
481.0,242.0,4.0,3.0, Bogor,5100000000.0
90.0,90.0,2.0,1.0, Bogor,900000000.0
139.0,130.0,3.0,2.0, Bogor,850000000.0
90.0,100.0,2.0,2.0, Bogor,650000000.0
150.0,62.0,2.0,1.0, Bogor,1300000000.0
216.0,110.0,2.0,4.0, Bogor,2150000000.0
323.0,500.0,4.0,4.0, Bogor,3500000000.0
117.0,160.0,5.0,3.0, Bogor,1300000000.0
144.0,105.0,3.0,2.0, Bogor,1250000000.0
137.0,40.0,2.0,1.0, Bogor,700000000.0
358.0,250.0,3.0,2.0, Bogor,4500000000.0
350.0,620.0,8.0,6.0, Bogor,8500000000.0
126.0,102.0,3.0,2.0, Bogor,1900000000.0
329.0,275.0,3.0,4.0, Bogor,3900000000.0
663.0,300.0,4.0,3.0, Bogor,4500000000.0
518.0,515.0,4.0,5.0, Bogor,11500000000.0
450.0,800.0,6.0,5.0, Bogor,18000000000.0
94.0,96.0,3.0,2.0, Bogor,1350000000.0
180.0,300.0,4.0,4.0, Bogor,2500000000.0
2786.0,1500.0,5.0,5.0, Bogor,30000000000.0
575.0,200.0,3.0,2.0, Bogor,4500000000.0
360.0,400.0,4.0,4.0, Bogor,7000000000.0
150.0,62.0,2.0,1.0, Bogor,1300000000.0
90.0,70.0,3.0,1.0, Bogor,945000000.0
150.0,63.0,2.0,1.0, Bogor,1000000000.0
84.0,89.0,3.0,2.0, Bogor,1250000000.0
84.0,89.0,3.0,2.0, Bogor,1650000000.0
90.0,150.0,3.0,2.0, Bogor,1150000000.0
313.0,360.0,4.0,5.0, Bogor,6500000000.0
2786.0,1500.0,5.0,5.0, Bogor,30000000000.0
299.0,125.0,3.0,2.0, Bogor,2300000000.0
299.0,125.0,3.0,2.0, Bogor,2300000000.0
220.0,221.0,4.0,3.0, Bogor,2750000000.0
183.0,145.0,3.0,3.0, Bogor,2400000000.0
120.0,240.0,4.0,4.0, Bogor,1200000000.0
90.0,70.0,3.0,1.0, Bogor,945000000.0
84.0,89.0,3.0,2.0, Bogor,1650000000.0
84.0,89.0,3.0,2.0, Bogor,1250000000.0
90.0,150.0,3.0,2.0, Bogor,1150000000.0
150.0,62.0,2.0,1.0, Bogor,1300000000.0
144.0,88.0,3.0,2.0, Bogor,1250000000.0
543.0,495.0,4.0,4.0, Bogor,11000000000.0
396.0,299.0,4.0,3.0, Bogor,5000000000.0
396.0,299.0,4.0,3.0, Bogor,5000000000.0
321.0,500.0,4.0,4.0, Bogor,3500000000.0
313.0,360.0,4.0,5.0, Bogor,6500000000.0
575.0,200.0,3.0,2.0, Bogor,4500000000.0
340.0,400.0,4.0,4.0, Bogor,7000000000.0
150.0,63.0,2.0,1.0, Bogor,1000000000.0
518.0,515.0,4.0,5.0, Bogor,11500000000.0
483.0,500.0,5.0,6.0, Bogor,8500000000.0
180.0,300.0,4.0,4.0, Bogor,2500000000.0
105.0,60.0,2.0,2.0, Bogor,750000000.0
396.0,299.0,4.0,3.0, Bogor,5000000000.0
84.0,89.0,3.0,2.0, Bogor,1250000000.0
321.0,500.0,4.0,4.0, Bogor,3500000000.0
84.0,89.0,3.0,2.0, Bogor,1650000000.0
90.0,150.0,3.0,2.0, Bogor,1150000000.0
90.0,70.0,3.0,1.0, Bogor,945000000.0
90.0,70.0,3.0,1.0, Bogor,945000000.0
84.0,89.0,3.0,2.0, Bogor,1650000000.0
518.0,515.0,4.0,5.0, Bogor,11500000000.0
313.0,360.0,4.0,5.0, Bogor,6500000000.0
340.0,400.0,4.0,4.0, Bogor,7000000000.0
575.0,200.0,3.0,2.0, Bogor,4500000000.0
90.0,150.0,3.0,2.0, Bogor,1150000000.0
84.0,89.0,3.0,2.0, Bogor,1250000000.0
321.0,500.0,4.0,4.0, Bogor,3500000000.0
150.0,63.0,2.0,1.0, Bogor,1000000000.0
321.0,500.0,4.0,4.0, Bogor,3500000000.0
396.0,299.0,4.0,3.0, Bogor,5000000000.0
526.0,400.0,4.0,4.0, Bogor,6000000000.0
299.0,125.0,3.0,2.0, Bogor,2300000000.0
543.0,495.0,4.0,4.0, Bogor,11000000000.0
526.0,400.0,4.0,4.0, Bogor,6000000000.0
108.0,62.0,2.0,1.0, Bogor,9500000000.0
396.0,299.0,4.0,3.0, Bogor,5000000000.0
144.0,88.0,3.0,3.0, Bogor,1250000000.0
299.0,125.0,3.0,2.0, Bogor,2300000000.0
84.0,60.0,2.0,2.0, Bogor,550000000.0
329.0,299.0,3.0,4.0, Bogor,3900000000.0
498.0,400.0,4.0,4.0, Bogor,5500000000.0
330.0,362.0,3.0,3.0, Bogor,5000000000.0
141.0,141.0,5.0,3.0, Bogor,1500000000.0
375.0,450.0,4.0,3.0, Bogor,7000000000.0
334.0,350.0,4.0,2.0, Bogor,4500000000.0
81.0,65.0,3.0,2.0, Bogor,575000000.0
90.0,65.0,2.0,2.0, Bogor,825000000.0
127.0,200.0,3.0,3.0, Bogor,3700000000.0
90.0,90.0,2.0,1.0, Bogor,900000000.0
180.0,300.0,4.0,4.0, Bogor,2500000000.0
90.0,70.0,3.0,1.0, Bogor,945000000.0
127.0,200.0,3.0,3.0, Bogor,3700000000.0
141.0,141.0,5.0,3.0, Bogor,1500000000.0
375.0,450.0,4.0,3.0, Bogor,7000000000.0
334.0,350.0,4.0,2.0, Bogor,4500000000.0
81.0,65.0,3.0,2.0, Bogor,575000000.0
90.0,65.0,2.0,2.0, Bogor,825000000.0
90.0,70.0,3.0,1.0, Bogor,945000000.0
90.0,90.0,2.0,1.0, Bogor,900000000.0
180.0,300.0,4.0,4.0, Bogor,2500000000.0
90.0,150.0,3.0,2.0, Bogor,1150000000.0
90.0,70.0,3.0,1.0, Bogor,945000000.0
84.0,89.0,3.0,2.0, Bogor,1650000000.0
84.0,89.0,3.0,2.0, Bogor,1250000000.0
321.0,500.0,4.0,4.0, Bogor,3500000000.0
404.0,200.0,3.0,3.0, Bogor,3170000000.0
404.0,200.0,3.0,3.0, Bogor,3160000000.0
404.0,200.0,3.0,3.0, Bogor,3150000000.0
90.0,70.0,3.0,1.0, Bogor,945000000.0
323.0,500.0,4.0,4.0, Bogor,3500000000.0
105.0,44.0,2.0,1.0, Bogor,775000000.0
375.0,450.0,4.0,3.0, Bogor,7000000000.0
330.0,362.0,3.0,3.0, Bogor,5000000000.0
498.0,400.0,4.0,4.0, Bogor,5000000000.0
90.0,60.0,1.0,1.0, Bogor,1100000000.0
543.0,495.0,4.0,4.0, Bogor,11000000000.0
526.0,400.0,4.0,4.0, Bogor,6000000000.0
299.0,125.0,3.0,2.0, Bogor,2300000000.0
144.0,88.0,3.0,2.0, Bogor,1250000000.0
334.0,350.0,4.0,2.0, Bogor,4500000000.0
108.0,50.0,2.0,1.0, Bogor,950000000.0
396.0,299.0,4.0,3.0, Bogor,5000000000.0
150.0,63.0,2.0,1.0, Bogor,1000000000.0
323.0,500.0,4.0,4.0, Bogor,3500000000.0
84.0,89.0,3.0,2.0, Bogor,1650000000.0
90.0,70.0,3.0,1.0, Bogor,945000000.0
90.0,150.0,3.0,2.0, Bogor,1150000000.0
575.0,200.0,3.0,2.0, Bogor,4500000000.0
340.0,400.0,4.0,3.0, Bogor,7500000000.0
313.0,360.0,4.0,5.0, Bogor,7000000000.0
518.0,515.0,4.0,5.0, Bogor,11500000000.0
313.0,360.0,4.0,5.0, Bogor,7000000000.0
518.0,515.0,4.0,5.0, Bogor,11500000000.0
340.0,400.0,4.0,4.0, Bogor,7500000000.0
266.0,400.0,4.0,3.0, Bogor,2900000000.0
518.0,515.0,4.0,5.0, Bogor,11500000000.0
315.0,150.0,3.0,3.0, Bogor,2900000000.0
323.0,500.0,4.0,4.0, Bogor,3500000000.0
518.0,515.0,4.0,5.0, Bogor,11500000000.0
334.0,350.0,4.0,2.0, Bogor,4500000000.0
105.0,44.0,2.0,1.0, Bogor,775000000.0
498.0,300.0,3.0,2.0, Bogor,5000000000.0
345.0,200.0,3.0,3.0, Bogor,4500000000.0
84.0,89.0,3.0,2.0, Bogor,1650000000.0
140.0,88.0,3.0,2.0, Bogor,1250000000.0
224.0,90.0,2.0,1.0, Bogor,1800000000.0
90.0,150.0,3.0,2.0, Bogor,1150000000.0
72.0,45.0,2.0,1.0, Bogor,570000000.0
133.0,185.0,3.0,2.0, Bogor,2300000000.0
72.0,54.0,3.0,2.0, Bogor,600000000.0
242.0,188.0,2.0,2.0, Bogor,3500000000.0
224.0,100.0,2.0,2.0, Bogor,1900000000.0
301.0,250.0,5.0,4.0, Bogor,3250000000.0
323.0,200.0,2.0,3.0, Bogor,3500000000.0
133.0,185.0,3.0,3.0, Bogor,2300000000.0
202.0,370.0,3.0,2.0, Bogor,2500000000.0
300.0,500.0,4.0,2.0, Bogor,5300000000.0
220.0,221.0,4.0,3.0, Bogor,2750000000.0
886.0,500.0,4.0,4.0, Bogor,14500000000.0
1118.0,600.0,5.0,4.0, Bogor,15500000000.0
1050.0,1000.0,5.0,5.0, Bogor,22000000000.0
1156.0,500.0,3.0,3.0, Bogor,15500000000.0
312.0,300.0,4.0,4.0, Bogor,5500000000.0
120.0,105.0,3.0,3.0, Bogor,2100000000.0
180.0,120.0,2.0,1.0, Bogor,1600000000.0
108.0,160.0,3.0,3.0, Bogor,1700000000.0
120.0,120.0,3.0,3.0, Bogor,800000000.0
313.0,250.0,4.0,4.0, Bogor,5500000000.0
220.0,221.0,4.0,3.0, Bogor,2750000000.0
313.0,250.0,4.0,4.0, Bogor,5500000000.0
220.0,221.0,4.0,3.0, Bogor,2750000000.0
287.0,250.0,3.0,3.0, Bogor,3800000000.0
12.0,130.0,3.0,2.0, Bogor,1800000000.0
1610.0,500.0,5.0,5.0, Bogor,19500000000.0
90.0,120.0,4.0,3.0, Bogor,1100000000.0
90.0,150.0,3.0,2.0, Bogor,1150000000.0
120.0,150.0,5.0,4.0, Bogor,725000000.0
287.0,250.0,4.0,3.0, Bogor,3800000000.0
1156.0,500.0,3.0,3.0, Bogor,15500000000.0
1250.0,700.0,4.0,4.0, Bogor,29000000000.0
886.0,500.0,4.0,4.0, Bogor,14500000000.0
630.0,600.0,5.0,3.0, Bogor,7900000000.0
232.0,120.0,3.0,1.0, Bogor,1650000000.0
315.0,200.0,3.0,2.0, Bogor,2500000000.0
90.0,60.0,2.0,2.0, Bogor,1100000000.0
248.0,100.0,2.0,1.0, Bogor,1600000000.0
108.0,100.0,3.0,2.0, Bogor,1350000000.0
328.0,160.0,3.0,2.0, Bogor,3000000000.0
90.0,65.0,2.0,2.0, Bogor,850000000.0
211.0,53.0,2.0,1.0, Bogor,1350000000.0
78.0,100.0,3.0,3.0, Bogor,1150000000.0
328.0,250.0,4.0,3.0, Bogor,3950000000.0
481.0,250.0,4.0,4.0, Bogor,5300000000.0
224.0,220.0,4.0,3.0, Bogor,3850000000.0
488.0,250.0,4.0,3.0, Bogor,4100000000.0
323.0,220.0,2.0,3.0, Bogor,3500000000.0
406.0,250.0,3.0,3.0, Bogor,3200000000.0
120.0,120.0,3.0,3.0, Bogor,800000000.0
866.0,500.0,4.0,4.0, Bogor,14500000000.0
309.0,600.0,5.0,5.0, Bogor,8500000000.0
315.0,250.0,4.0,4.0, Bogor,3800000000.0
1153.0,500.0,3.0,4.0, Bogor,15500000000.0
171.0,120.0,3.0,3.0, Bogor,1700000000.0
234.0,240.0,4.0,3.0, Bogor,4500000000.0
176.0,120.0,3.0,2.0, Bogor,1300000000.0
220.0,221.0,4.0,3.0, Bogor,2750000000.0
220.0,221.0,4.0,3.0, Bogor,2750000000.0
220.0,221.0,4.0,3.0, Bogor,2750000000.0
220.0,221.0,4.0,3.0, Bogor,2750000000.0
220.0,221.0,4.0,3.0, Bogor,2750000000.0
220.0,221.0,4.0,3.0, Bogor,2750000000.0
90.0,60.0,2.0,2.0, Bogor,585000000.0
228.0,200.0,3.0,3.0, Bogor,2300000000.0
230.0,200.0,3.0,3.0, Bogor,2500000000.0
234.0,200.0,4.0,4.0, Bogor,4400000000.0
120.0,100.0,3.0,3.0, Bogor,1800000000.0
108.0,53.0,2.0,1.0, Bogor,675000000.0
2200.0,700.0,4.0,4.0, Bogor,14500000000.0
216.0,180.0,4.0,3.0, Bogor,2300000000.0
300.0,250.0,4.0,4.0, Bogor,4700000000.0
180.0,100.0,2.0,1.0, Bogor,1600000000.0
866.0,400.0,4.0,4.0, Bogor,14500000000.0
313.0,250.0,4.0,4.0, Bogor,5500000000.0
313.0,250.0,4.0,4.0, Bogor,5500000000.0
120.0,120.0,3.0,3.0, Bogor,1700000000.0
600.0,250.0,4.0,3.0, Bogor,4350000000.0
315.0,250.0,4.0,3.0, Bogor,2900000000.0
323.0,250.0,2.0,3.0, Bogor,3500000000.0
300.0,250.0,4.0,4.0, Bogor,4700000000.0
108.0,160.0,3.0,3.0, Bogor,1700000000.0
1610.0,400.0,5.0,5.0, Bogor,19500000000.0
120.0,100.0,3.0,3.0, Bogor,800000000.0
1250.0,250.0,2.0,3.0, Bogor,20000000000.0
90.0,120.0,3.0,2.0, Bogor,1150000000.0
403.0,145.0,3.0,2.0, Bogor,3200000000.0
1023.0,401.0,5.0,4.0, Bogor,15000000000.0
287.0,250.0,4.0,3.0, Bogor,3800000000.0
1023.0,401.0,5.0,4.0, Bogor,15000000000.0
287.0,250.0,4.0,3.0, Bogor,3800000000.0
664.0,300.0,4.0,3.0, Bogor,4900000000.0
1156.0,500.0,3.0,3.0, Bogor,15500000000.0
886.0,500.0,4.0,4.0, Bogor,14500000000.0
323.0,200.0,3.0,2.0, Bogor,2850000000.0
1118.0,600.0,6.0,6.0, Bogor,15500000000.0
120.0,235.0,5.0,5.0, Bogor,2500000000.0
323.0,300.0,3.0,4.0, Bogor,3500000000.0
60.0,120.0,2.0,2.0, Bogor,585000000.0
379.0,250.0,4.0,3.0, Bogor,1900000000.0
710.0,612.0,5.0,4.0, Bogor,6300000000.0
300.0,250.0,2.0,3.0, Bogor,3500000000.0
81.0,50.0,2.0,1.0, Bogor,495000000.0
663.0,250.0,4.0,3.0, Bogor,4500000000.0
181.0,179.0,4.0,4.0, Bogor,4700000000.0
710.0,612.0,5.0,4.0, Bogor,5750000000.0
60.0,36.0,2.0,1.0, Bogor,300000000.0
84.0,70.0,2.0,1.0, Bogor,630000000.0
200.0,90.0,3.0,2.0, Bogor,1680000000.0
84.0,70.0,2.0,1.0, Bogor,630000000.0
72.0,60.0,2.0,1.0, Bogor,599000000.0
60.0,55.0,2.0,2.0, Bogor,890000000.0
90.0,45.0,2.0,1.0, Bogor,810000000.0
84.0,70.0,2.0,1.0, Bogor,630000000.0
72.0,60.0,2.0,1.0, Bogor,599000000.0
72.0,60.0,2.0,1.0, Bogor,600000000.0
98.0,78.0,2.0,3.0, Bogor,1200000000.0
60.0,30.0,2.0,1.0, Bogor,499000000.0
90.0,45.0,2.0,1.0, Bogor,810000000.0
90.0,45.0,2.0,1.0, Bogor,810000000.0
84.0,70.0,2.0,1.0, Bogor,630000000.0
72.0,60.0,2.0,1.0, Bogor,599000000.0
90.0,45.0,2.0,1.0, Bogor,810000000.0
84.0,70.0,2.0,1.0, Bogor,630000000.0
72.0,60.0,2.0,1.0, Bogor,599000000.0
60.0,32.0,2.0,1.0, Bogor,351000000.0
90.0,38.0,2.0,1.0, Bogor,325000000.0
36.0,72.0,2.0,1.0, Bogor,245000000.0
94.0,96.0,3.0,2.0, Bogor,1350000000.0
72.0,22.0,1.0,1.0, Bogor,250000000.0
112.0,68.0,3.0,2.0, Bogor,375000000.0
200.0,100.0,3.0,2.0, Bogor,975000000.0
72.0,60.0,2.0,1.0, Bogor,325000000.0
105.0,100.0,3.0,2.0, Bogor,1450000000.0
105.0,100.0,3.0,2.0, Bogor,1450000000.0
60.0,51.0,3.0,2.0, Bogor,500000000.0
120.0,79.0,2.0,1.0, Bogor,1500000000.0
90.0,75.0,3.0,2.0, Bogor,359000000.0
60.0,38.0,2.0,1.0, Bogor,350000000.0
60.0,29.0,2.0,1.0, Bogor,168000000.0
72.0,21.0,2.0,1.0, Bogor,195000000.0
90.0,36.0,2.0,1.0, Bogor,280000000.0
60.0,30.0,2.0,1.0, Bogor,530000000.0
60.0,23.0,1.0,1.0, Bogor,493000000.0
150.0,45.0,2.0,1.0, Bogor,130000000.0
105.0,36.0,2.0,1.0, Bogor,475000000.0
72.0,50.0,2.0,1.0, Bogor,500000000.0
72.0,50.0,2.0,1.0, Bogor,525000000.0
94.0,96.0,3.0,2.0, Bogor,1350000000.0
84.0,45.0,2.0,1.0, Bogor,660000000.0
84.0,45.0,2.0,2.0, Bogor,700000000.0
62.0,36.0,2.0,1.0, Bogor,333000000.0
72.0,50.0,2.0,1.0, Bogor,525000000.0
126.0,180.0,4.0,3.0, Bogor,1440000000.0
116.0,85.0,3.0,2.0, Bogor,780000000.0
66.0,56.0,3.0,2.0, Bogor,600000000.0
66.0,56.0,3.0,2.0, Bogor,600000000.0
126.0,180.0,4.0,3.0, Bogor,1440000000.0
116.0,85.0,3.0,2.0, Bogor,780000000.0
116.0,85.0,3.0,2.0, Bogor,780000000.0
116.0,85.0,3.0,2.0, Bogor,780000000.0
96.0,80.0,2.0,2.0, Bogor,555000000.0
94.0,96.0,3.0,2.0, Bogor,1350000000.0
70.0,36.0,2.0,1.0, Bogor,530000000.0
84.0,39.0,2.0,1.0, Bogor,930000000.0
81.0,45.0,2.0,1.0, Bogor,900000000.0
104.0,60.0,2.0,2.0, Bogor,1080000000.0
68.0,36.0,2.0,1.0, Bogor,500000000.0
60.0,65.0,2.0,2.0, Bogor,1080000000.0
84.0,39.0,2.0,1.0, Bogor,930000000.0
104.0,60.0,2.0,2.0, Bogor,1080000000.0
81.0,51.0,3.0,2.0, Bogor,960000000.0
120.0,98.0,4.0,4.0, Bogor,1400000000.0
68.0,36.0,2.0,1.0, Bogor,500000000.0
81.0,45.0,2.0,1.0, Bogor,900000000.0
94.0,70.0,3.0,2.0, Bogor,1150000000.0
120.0,98.0,4.0,4.0, Bogor,1400000000.0
60.0,65.0,2.0,2.0, Bogor,1080000000.0
84.0,39.0,2.0,1.0, Bogor,930000000.0
81.0,45.0,2.0,1.0, Bogor,900000000.0
94.0,70.0,3.0,2.0, Bogor,1150000000.0
70.0,36.0,2.0,1.0, Bogor,530000000.0
90.0,36.0,2.0,2.0, Bogor,599000000.0
120.0,98.0,4.0,4.0, Bogor,1400000000.0
68.0,36.0,2.0,1.0, Bogor,500000000.0
60.0,65.0,2.0,2.0, Bogor,1080000000.0
39.0,84.0,2.0,1.0, Bogor,930000000.0
81.0,45.0,2.0,1.0, Bogor,900000000.0
70.0,36.0,2.0,1.0, Bogor,530000000.0
70.0,36.0,2.0,1.0, Bogor,530000000.0
70.0,36.0,2.0,1.0, Bogor,530000000.0
68.0,36.0,2.0,1.0, Bogor,500000000.0
60.0,65.0,2.0,2.0, Bogor,1080000000.0
84.0,39.0,2.0,1.0, Bogor,930000000.0
81.0,45.0,2.0,1.0, Bogor,900000000.0
81.0,51.0,3.0,2.0, Bogor,960000000.0
120.0,98.0,4.0,4.0, Bogor,1400000000.0
70.0,36.0,2.0,1.0, Bogor,530000000.0
104.0,60.0,2.0,2.0, Bogor,1080000000.0
94.0,70.0,3.0,2.0, Bogor,1150000000.0
72.0,39.0,2.0,1.0, Bogor,800000000.0
65.0,60.0,3.0,2.0, Bogor,637000000.0
78.0,60.0,3.0,2.0, Bogor,755000000.0
64.0,60.0,3.0,2.0, Bogor,685000000.0
60.0,35.0,2.0,1.0, Bogor,438000000.0
63.0,36.0,2.0,1.0, Bogor,438000000.0
65.0,87.0,3.0,2.0, Bogor,1090000000.0
90.0,80.0,3.0,2.0, Bogor,570000000.0
60.0,36.0,2.0,1.0, Bogor,435000000.0
60.0,94.0,2.0,2.0, Bogor,960000000.0
60.0,40.0,2.0,1.0, Bogor,466000000.0
60.0,40.0,2.0,1.0, Bogor,400000000.0
60.0,40.0,2.0,1.0, Bogor,400000000.0
60.0,40.0,2.0,1.0, Bogor,400000000.0
83.0,45.0,2.0,1.0, Bogor,500000000.0
104.0,180.0,5.0,2.0, Bogor,1620000000.0
60.0,45.0,2.0,1.0, Bogor,375000000.0
104.0,180.0,5.0,2.0, Bogor,1620000000.0
105.0,45.0,2.0,1.0, Bogor,810000000.0
84.0,76.0,3.0,2.0, Bogor,1140000000.0
84.0,84.0,3.0,2.0, Bogor,1080000000.0
40.0,36.0,2.0,1.0, Bogor,195000000.0
75.0,38.0,2.0,1.0, Bogor,500000000.0
55.0,36.0,2.0,1.0, Bogor,100000000.0
60.0,40.0,2.0,1.0, Bogor,275000000.0
84.0,45.0,2.0,1.0, Bogor,400000000.0
84.0,45.0,2.0,1.0, Bogor,400000000.0
72.0,39.0,2.0,1.0, Bogor,456000000.0
72.0,36.0,2.0,1.0, Bogor,473000000.0
60.0,40.0,2.0,1.0, Bogor,275000000.0
60.0,40.0,2.0,1.0, Bogor,275000000.0
42.0,42.0,2.0,1.0, Bogor,160000000.0
60.0,40.0,2.0,1.0, Bogor,399000000.0
60.0,36.0,2.0,1.0, Bogor,225000000.0
150.0,147.0,4.0,4.0, Bogor,790000000.0
55.0,36.0,2.0,1.0, Bogor,150000000.0
113.0,36.0,2.0,1.0, Bogor,437000000.0
60.0,55.0,2.0,1.0, Bogor,250000000.0
30.0,30.0,2.0,1.0, Bogor,125000000.0
38.0,38.0,2.0,1.0, Bogor,135000000.0
55.0,36.0,2.0,1.0, Bogor,100000000.0
40.0,40.0,2.0,1.0, Bogor,150000000.0
55.0,36.0,2.0,1.0, Bogor,100000000.0
45.0,45.0,2.0,1.0, Bogor,172000000.0
153.0,200.0,4.0,3.0, Bogor,2400000000.0
66.0,33.0,2.0,1.0, Bogor,650000000.0
84.0,96.0,2.0,2.0, Bogor,1700000000.0
66.0,33.0,2.0,1.0, Bogor,650000000.0
101.0,45.0,3.0,2.0, Bogor,800000000.0
84.0,48.0,2.0,1.0, Bogor,840000000.0
105.0,60.0,2.0,1.0, Bogor,945000000.0
86.0,50.0,2.0,1.0, Bogor,1020000000.0
84.0,84.0,3.0,2.0, Bogor,1080000000.0
88.0,40.0,2.0,1.0, Bogor,699000000.0
105.0,45.0,2.0,1.0, Bogor,810000000.0
105.0,150.0,3.0,2.0, Bogor,1380000000.0
88.0,40.0,2.0,1.0, Bogor,699000000.0
164.0,104.0,3.0,3.0, Bogor,1500000000.0
84.0,84.0,3.0,2.0, Bogor,1080000000.0
105.0,45.0,2.0,1.0, Bogor,810000000.0
84.0,84.0,3.0,2.0, Bogor,1080000000.0
98.0,68.0,3.0,1.0, Bogor,780000000.0
96.0,71.0,2.0,1.0, Bogor,800000000.0
90.0,180.0,3.0,4.0, Bogor,840000000.0
88.0,40.0,2.0,1.0, Bogor,699000000.0
88.0,53.0,2.0,1.0, Bogor,650000000.0
84.0,76.0,3.0,2.0, Bogor,1140000000.0
84.0,76.0,3.0,2.0, Bogor,1140000000.0
105.0,150.0,3.0,2.0, Bogor,1380000000.0
84.0,84.0,3.0,2.0, Bogor,1080000000.0
84.0,76.0,3.0,2.0, Bogor,1140000000.0
84.0,76.0,3.0,2.0, Bogor,1140000000.0
105.0,150.0,3.0,2.0, Bogor,1380000000.0
104.0,180.0,5.0,2.0, Bogor,1620000000.0
105.0,45.0,2.0,1.0, Bogor,810000000.0
82.0,45.0,2.0,1.0, Bogor,695000000.0
72.0,72.0,2.0,1.0, Bogor,450000000.0
131.0,177.0,3.0,1.0, Bogor,850000000.0
78.0,36.0,2.0,1.0, Bogor,655000000.0
68.0,36.0,2.0,1.0, Bogor,545000000.0
144.0,300.0,4.0,4.0, Bogor,2000000000.0
68.0,36.0,2.0,1.0, Bogor,649000000.0
530.0,270.0,3.0,4.0, Bogor,2900000000.0
74.0,36.0,2.0,1.0, Bogor,688000000.0
94.0,96.0,3.0,2.0, Bogor,1350000000.0
80.0,48.0,2.0,1.0, Bogor,400000000.0
72.0,36.0,2.0,1.0, Bogor,200000000.0
88.0,55.0,3.0,2.0, Bogor,575000000.0
200.0,400.0,4.0,3.0, Bogor,1500000000.0
76.0,36.0,2.0,1.0, Bogor,644000000.0
60.0,54.0,3.0,2.0, Bogor,500000000.0
70.0,54.0,3.0,2.0, Bogor,600000000.0
61.0,40.0,2.0,1.0, Bogor,400000000.0
61.0,40.0,2.0,1.0, Bogor,400000000.0
64.0,40.0,2.0,1.0, Bogor,560000000.0
70.0,54.0,3.0,2.0, Bogor,600000000.0
78.0,36.0,2.0,1.0, Bogor,655000000.0
60.0,54.0,3.0,2.0, Bogor,500000000.0
70.0,54.0,3.0,2.0, Bogor,600000000.0
72.0,90.0,3.0,2.0, Bogor,999000000.0
105.0,90.0,3.0,2.0, Bogor,750000000.0
50.0,36.0,2.0,1.0, Bogor,185000000.0
60.0,54.0,3.0,2.0, Bogor,500000000.0
72.0,45.0,2.0,1.0, Bogor,590000000.0
72.0,45.0,2.0,1.0, Bogor,599000000.0
72.0,42.0,2.0,1.0, Bogor,514000000.0
84.0,48.0,2.0,1.0, Bogor,624000000.0
84.0,48.0,2.0,1.0, Bogor,624000000.0
69.0,41.0,2.0,1.0, Bogor,494000000.0
72.0,45.0,2.0,1.0, Bogor,594000000.0
63.0,41.0,2.0,1.0, Bogor,499000000.0
63.0,41.0,2.0,1.0, Bogor,499000000.0
72.0,45.0,2.0,1.0, Bogor,599000000.0
72.0,45.0,2.0,1.0, Bogor,599000000.0
84.0,84.0,3.0,2.0, Bogor,1100000000.0
77.0,36.0,2.0,1.0, Bogor,600000000.0
147.0,40.0,2.0,1.0, Bogor,470000000.0
147.0,40.0,2.0,1.0, Bogor,470000000.0
105.0,55.0,2.0,1.0, Bogor,780000000.0
90.0,80.0,3.0,3.0, Bogor,700000000.0
66.0,33.0,2.0,1.0, Bogor,650000000.0
135.0,90.0,4.0,3.0, Bogor,1350000000.0
94.0,96.0,3.0,2.0, Bogor,1350000000.0
377.0,277.0,3.0,2.0, Bogor,4000000000.0
746.0,369.0,4.0,4.0, Bogor,5000000000.0
1720.0,700.0,4.0,3.0, Bogor,7500000000.0
77.0,60.0,3.0,2.0, Bogor,770000000.0
983.0,1200.0,5.0,4.0, Bogor,5200000000.0
144.0,150.0,3.0,3.0, Bogor,1500000000.0
153.0,200.0,4.0,3.0, Bogor,2400000000.0
66.0,33.0,2.0,1.0, Bogor,650000000.0
66.0,33.0,2.0,1.0, Bogor,650000000.0
66.0,33.0,2.0,1.0, Bogor,650000000.0
90.0,110.0,3.0,2.0, Bogor,1440000000.0
112.0,110.0,2.0,3.0, Bogor,1890000000.0
144.0,136.0,2.0,3.0, Bogor,2380000000.0
120.0,155.0,6.0,3.0, Bogor,1980000000.0
940.0,450.0,7.0,5.0, Bogor,7000000000.0
180.0,120.0,4.0,3.0, Bogor,2040000000.0
120.0,155.0,6.0,3.0, Bogor,1980000000.0
198.0,150.0,4.0,2.0, Bogor,1440000000.0
120.0,155.0,6.0,3.0, Bogor,1980000000.0
198.0,150.0,4.0,2.0, Bogor,1440000000.0
198.0,150.0,4.0,2.0, Bogor,1440000000.0
120.0,155.0,6.0,3.0, Bogor,1980000000.0
198.0,150.0,4.0,2.0, Bogor,1440000000.0
198.0,230.0,5.0,2.0, Bogor,2000000000.0
60.0,60.0,3.0,1.0, Bogor,587000000.0
78.0,50.0,2.0,1.0, Bogor,500000000.0
94.0,96.0,3.0,2.0, Bogor,1350000000.0
36.0,90.0,2.0,1.0, Bogor,630000000.0
808.0,350.0,4.0,2.0, Bogor,5000000000.0
72.0,36.0,2.0,1.0, Bogor,633000000.0
216.0,307.0,4.0,4.0, Bogor,4320000000.0
180.0,249.0,4.0,3.0, Bogor,3550000000.0
82.0,70.0,4.0,2.0, Bogor,569000000.0
60.0,49.0,2.0,2.0, Bogor,467000000.0
82.0,70.0,4.0,2.0, Bogor,570000000.0
153.0,200.0,4.0,3.0, Bogor,2400000000.0
153.0,200.0,4.0,3.0, Bogor,2400000000.0
153.0,200.0,4.0,3.0, Bogor,2400000000.0
153.0,200.0,4.0,3.0, Bogor,2400000000.0
270.0,250.0,5.0,4.0, Bogor,2500000000.0
180.0,120.0,4.0,3.0, Bogor,2040000000.0
128.0,200.0,3.0,3.0, Bogor,2040000000.0
128.0,200.0,3.0,3.0, Bogor,2040000000.0
128.0,200.0,3.0,3.0, Bogor,2040000000.0
128.0,200.0,3.0,3.0, Bogor,2040000000.0
84.0,155.0,3.0,2.0, Bogor,1100000000.0
126.0,180.0,4.0,3.0, Bogor,1440000000.0
126.0,180.0,4.0,3.0, Bogor,1440000000.0
198.0,150.0,4.0,2.0, Bogor,1440000000.0
116.0,85.0,3.0,2.0, Bogor,780000000.0
120.0,155.0,6.0,3.0, Bogor,1980000000.0
126.0,180.0,4.0,3.0, Bogor,1440000000.0
309.0,300.0,7.0,6.0, Bogor,1000000000.0
94.0,96.0,3.0,2.0, Bogor,1350000000.0
64.0,54.0,3.0,2.0, Bogor,530000000.0
90.0,80.0,3.0,3.0, Bogor,784000000.0
366.0,450.0,4.0,4.0, Bogor,4500000000.0
502.0,430.0,4.0,3.0, Bogor,12500000000.0
625.0,350.0,4.0,4.0, Bogor,3600000000.0
60.0,55.0,2.0,2.0, Bogor,890000000.0
90.0,45.0,2.0,1.0, Bogor,810000000.0
84.0,70.0,2.0,1.0, Bogor,630000000.0
165.0,160.0,3.0,3.0, Bogor,2550000000.0
109.0,90.0,3.0,2.0, Bogor,468000000.0
94.0,96.0,3.0,2.0, Bogor,1350000000.0
69.0,72.0,2.0,1.0, Bogor,570000000.0
230.0,300.0,4.0,2.0, Bogor,3800000000.0
230.0,300.0,4.0,2.0, Bogor,3800000000.0
215.0,200.0,3.0,2.0, Bogor,3000000000.0
120.0,160.0,3.0,3.0, Bogor,2000000000.0
200.0,150.0,2.0,2.0, Bogor,2400000000.0
120.0,50.0,2.0,1.0, Bogor,388000000.0
180.0,237.0,4.0,3.0, Bogor,4600000000.0
60.0,30.0,2.0,1.0, Bogor,546000000.0
168.0,155.0,5.0,2.0, Bogor,1000000000.0
186.0,110.0,3.0,2.0, Bogor,1680000000.0
165.0,160.0,3.0,3.0, Bogor,2550000000.0
165.0,160.0,3.0,3.0, Bogor,2550000000.0
200.0,90.0,3.0,2.0, Bogor,1680000000.0
186.0,110.0,3.0,2.0, Bogor,1680000000.0
165.0,160.0,3.0,3.0, Bogor,2550000000.0
186.0,110.0,3.0,2.0, Bogor,1680000000.0
165.0,160.0,3.0,3.0, Bogor,2550000000.0
200.0,90.0,3.0,2.0, Bogor,1680000000.0
186.0,110.0,3.0,2.0, Bogor,1680000000.0
186.0,110.0,3.0,2.0, Bogor,1680000000.0
200.0,90.0,3.0,2.0, Bogor,1680000000.0
94.0,96.0,3.0,2.0, Bogor,1350000000.0
120.0,100.0,4.0,3.0, Bogor,1400000000.0
1000.0,276.0,4.0,4.0, Bogor,13000000000.0
180.0,120.0,4.0,3.0, Bogor,2040000000.0
60.0,36.0,2.0,1.0, Bogor,275000000.0
60.0,36.0,2.0,1.0, Bogor,275000000.0
200.0,90.0,3.0,2.0, Bogor,1680000000.0
330.0,525.0,4.0,4.0, Bogor,5000000000.0
128.0,99.0,3.0,2.0, Bogor,1500000000.0
120.0,90.0,3.0,2.0, Bogor,1450000000.0
200.0,240.0,3.0,2.0, Bogor,2650000000.0
94.0,96.0,3.0,2.0, Bogor,1350000000.0
300.0,350.0,4.0,3.0, Bogor,3500000000.0
105.0,110.0,3.0,2.0, Bogor,1250000000.0
144.0,170.0,4.0,3.0, Bogor,1600000000.0
105.0,140.0,3.0,2.0, Bogor,1450000000.0
577.0,600.0,5.0,4.0, Bogor,10000000000.0
220.0,300.0,5.0,3.0, Bogor,3800000000.0
220.0,300.0,5.0,3.0, Bogor,3800000000.0
375.0,400.0,4.0,3.0, Bogor,3500000000.0
105.0,140.0,3.0,2.0, Bogor,1450000000.0
105.0,70.0,2.0,1.0, Bogor,1030000000.0
105.0,120.0,3.0,2.0, Bogor,1200000000.0
200.0,200.0,4.0,4.0, Bogor,2950000000.0
160.0,232.0,4.0,3.0, Bogor,2650000000.0
144.0,220.0,4.0,2.0, Bogor,1700000000.0
144.0,220.0,4.0,2.0, Bogor,1700000000.0
105.0,120.0,3.0,3.0, Bogor,1200000000.0
90.0,45.0,2.0,1.0, Bogor,700000000.0
90.0,45.0,2.0,1.0, Bogor,699000000.0
180.0,237.0,4.0,4.0, Bogor,4100000000.0
300.0,381.0,4.0,4.0, Bogor,7600000000.0
315.0,381.0,4.0,4.0, Bogor,8300000000.000001
240.0,333.0,4.0,4.0, Bogor,6300000000.0
105.0,45.0,2.0,1.0, Bogor,1150000000.0
180.0,237.0,4.0,3.0, Bogor,4600000000.0
81.0,81.0,3.0,1.0, Bogor,900000000.0
94.0,96.0,3.0,2.0, Bogor,1350000000.0
70.0,90.0,3.0,2.0, Bogor,900000000.0
126.0,180.0,4.0,3.0, Bogor,1440000000.0
126.0,180.0,4.0,3.0, Bogor,1440000000.0
78.0,60.0,3.0,2.0, Bogor,755000000.0
85.0,60.0,3.0,2.0, Bogor,785000000.0
64.0,60.0,3.0,2.0, Bogor,685000000.0
112.0,75.0,3.0,2.0, Bogor,830000000.0
112.0,75.0,3.0,2.0, Bogor,830000000.0
84.0,36.0,2.0,1.0, Bogor,725000000.0
104.0,180.0,5.0,2.0, Bogor,1620000000.0
72.0,36.0,2.0,1.0, Bogor,400000000.0
50.0,40.0,2.0,1.0, Bogor,280000000.0
96.0,50.0,2.0,1.0, Bogor,495000000.0
105.0,55.0,2.0,1.0, Bogor,780000000.0
105.0,55.0,2.0,1.0, Bogor,780000000.0
350.0,370.0,4.0,4.0, Bogor,2600000000.0
154.0,100.0,3.0,1.0, Bogor,1650000000.0
94.0,96.0,3.0,2.0, Bogor,1350000000.0
148.0,140.0,3.0,2.0, Bogor,975000000.0
148.0,140.0,3.0,2.0, Bogor,975000000.0
75.0,84.0,2.0,2.0, Bogor,992000000.0
180.0,120.0,4.0,3.0, Bogor,2040000000.0
180.0,120.0,4.0,3.0, Bogor,2040000000.0
210.0,67.0,2.0,2.0, Bogor,1000000000.0
347.0,303.0,3.0,3.0, Bogor,2650000000.0
508.0,278.0,4.0,4.0, Bogor,3900000000.0
128.0,200.0,3.0,3.0, Bogor,2040000000.0
60.0,61.0,2.0,2.0, Bogor,798000000.0
60.0,40.0,2.0,2.0, Bogor,590000000.0
72.0,48.0,3.0,1.0, Bogor,749000000.0
72.0,39.0,2.0,1.0, Bogor,674000000.0
60.0,27.0,2.0,1.0, Bogor,516000000.0
60.0,27.0,2.0,1.0, Bogor,516000000.0
64.0,60.0,3.0,2.0, Bogor,655000000.0
60.0,61.0,2.0,2.0, Bogor,782000000.0
27.0,60.0,2.0,1.0, Bogor,460000000.0
60.0,61.0,2.0,2.0, Bogor,800000000.0
72.0,36.0,2.0,1.0, Bogor,475000000.0
72.0,36.0,2.0,1.0, Bogor,450000000.0
120.0,90.0,2.0,2.0, Bogor,400000000.0
147.0,40.0,2.0,1.0, Bogor,470000000.0
147.0,40.0,2.0,1.0, Bogor,470000000.0
66.0,24.0,1.0,1.0, Bogor,168000000.0
60.0,40.0,2.0,1.0, Bogor,400000000.0
60.0,40.0,2.0,1.0, Bogor,400000000.0
60.0,48.0,2.0,2.0, Bogor,500000000.0
94.0,96.0,3.0,2.0, Bogor,1350000000.0
90.0,36.0,2.0,1.0, Bogor,619000000.0
70.0,36.0,2.0,1.0, Bogor,551000000.0
70.0,36.0,2.0,1.0, Bogor,551000000.0
70.0,36.0,2.0,1.0, Bogor,551000000.0
125.0,48.0,2.0,1.0, Bogor,908000000.0
84.0,45.0,2.0,1.0, Bogor,651000000.0
84.0,45.0,2.0,1.0, Bogor,651000000.0
84.0,45.0,2.0,1.0, Bogor,651000000.0
84.0,45.0,2.0,1.0, Bogor,651000000.0
84.0,45.0,2.0,1.0, Bogor,651000000.0
84.0,95.0,3.0,3.0, Bogor,1070000000.0
70.0,36.0,2.0,1.0, Bogor,535000000.0
70.0,36.0,2.0,1.0, Bogor,535000000.0
70.0,36.0,2.0,1.0, Bogor,535000000.0
70.0,36.0,2.0,1.0, Bogor,551000000.0
70.0,36.0,2.0,1.0, Bogor,551000000.0
70.0,36.0,2.0,1.0, Bogor,551000000.0
84.0,40.0,2.0,1.0, Bogor,661000000.0
84.0,95.0,3.0,3.0, Bogor,1160000000.0
125.0,48.0,2.0,1.0, Bogor,921000000.0
72.0,36.0,2.0,1.0, Bogor,500000000.0
90.0,51.0,2.0,1.0, Bogor,650000000.0
70.0,36.0,2.0,1.0, Bogor,551000000.0
125.0,48.0,2.0,1.0, Bogor,980000000.0
64.0,60.0,3.0,2.0, Bogor,655000000.0
60.0,42.0,2.0,1.0, Bogor,800000000.0
165.0,74.0,3.0,2.0, Bogor,1200000000.0
68.0,62.0,3.0,2.0, Bogor,700000000.0
94.0,96.0,3.0,2.0, Bogor,1350000000.0
64.0,60.0,3.0,2.0, Bogor,685000000.0
60.0,22.0,2.0,1.0, Bogor,514000000.0
72.0,70.0,3.0,2.0, Bogor,798000000.0
60.0,30.0,2.0,1.0, Bogor,75000000.0
65.0,36.0,2.0,1.0, Bogor,455000000.0
60.0,72.0,2.0,2.0, Bogor,931000000.0
60.0,36.0,2.0,1.0, Bogor,410000000.0
70.0,90.0,3.0,2.0, Bogor,900000000.0
61.0,40.0,2.0,1.0, Bogor,440000000.0
147.0,40.0,2.0,1.0, Bogor,470000000.0
147.0,40.0,2.0,1.0, Bogor,470000000.0
60.0,40.0,2.0,1.0, Bogor,466000000.0
60.0,40.0,2.0,1.0, Bogor,400000000.0
60.0,40.0,2.0,1.0, Bogor,400000000.0
70.0,60.0,3.0,2.0, Bogor,800000000.0
70.0,60.0,3.0,2.0, Bogor,750000000.0
72.0,36.0,2.0,1.0, Bogor,450000000.0
72.0,45.0,2.0,1.0, Bogor,390000000.0
72.0,36.0,2.0,1.0, Bogor,400000000.0
72.0,60.0,2.0,1.0, Bogor,330000000.0
72.0,60.0,2.0,1.0, Bogor,300000000.0
67.0,36.0,2.0,1.0, Bogor,265000000.0
66.0,41.0,3.0,2.0, Bogor,499000000.0
60.0,36.0,2.0,1.0, Bogor,225000000.0
180.0,450.0,5.0,5.0, Bogor,2700000000.0
72.0,45.0,3.0,1.0, Bogor,300000000.0
147.0,40.0,2.0,1.0, Bogor,470000000.0
147.0,40.0,2.0,1.0, Bogor,470000000.0
1068.0,400.0,3.0,2.0, Bogor,8500000000.0
238.0,154.0,3.0,3.0, Bogor,2500000000.0
924.0,220.0,3.0,3.0, Bogor,7400000000.0
600.0,220.0,3.0,2.0, Bogor,5400000000.0
600.0,220.0,3.0,3.0, Bogor,5400000000.0
250.0,200.0,6.0,2.0, Bogor,2000000000.0
72.0,36.0,2.0,1.0, Bogor,395000000.0
928.0,100.0,4.0,2.0, Bogor,2250000000.0
100.0,70.0,4.0,2.0, Bogor,260000000.0
94.0,96.0,3.0,2.0, Bogor,1350000000.0
8000.0,1000.0,4.0,5.0, Bogor,13900000000.0
500.0,350.0,37.0,15.0, Bogor,2700000000.0
394.0,176.0,3.0,2.0, Bogor,4400000000.0
170.0,90.0,3.0,2.0, Bogor,1550000000.0
105.0,80.0,2.0,1.0, Bogor,875000000.0
563.0,171.0,6.0,3.0, Bogor,4800000000.0
195.0,149.0,3.0,2.0, Bogor,1370000000.0
195.0,149.0,3.0,3.0, Bogor,1370000000.0
136.0,168.0,3.0,2.0, Bogor,1500000000.0
198.0,170.0,4.0,3.0, Bogor,2200000000.0
240.0,250.0,4.0,3.0, Bogor,2300000000.0
94.0,96.0,3.0,2.0, Bogor,1350000000.0
180.0,180.0,4.0,4.0, Bogor,2900000000.0
240.0,228.0,4.0,4.0, Bogor,2500000000.0
160.0,88.0,3.0,2.0, Bogor,1330000000.0
465.0,347.0,5.0,3.0, Bogor,7900000000.0
214.0,275.0,3.0,2.0, Bogor,1250000000.0
90.0,80.0,2.0,1.0, Bogor,575000000.0
86.0,40.0,2.0,1.0, Bogor,476000000.0
94.0,96.0,3.0,2.0, Bogor,1350000000.0
85.0,45.0,2.0,1.0, Bogor,540000000.0
72.0,36.0,2.0,1.0, Bogor,360000000.0
60.0,32.0,2.0,1.0, Bogor,451000000.0
60.0,36.0,2.0,1.0, Bogor,443000000.0
60.0,36.0,2.0,1.0, Bogor,439000000.0
60.0,36.0,2.0,1.0, Bogor,425000000.0
60.0,36.0,2.0,1.0, Bogor,415000000.0
60.0,36.0,2.0,1.0, Bogor,409000000.0
84.0,42.0,2.0,1.0, Bogor,300000000.0
147.0,40.0,2.0,1.0, Bogor,470000000.0
147.0,40.0,2.0,1.0, Bogor,470000000.0
42.0,84.0,2.0,1.0, Bogor,599000000.0
50.0,36.0,2.0,1.0, Bogor,200000000.0
1337.0,144.0,4.0,3.0, Bogor,3800000000.0
7400.0,1233.0,5.0,7.0, Bogor,45000000000.0
60.0,90.0,3.0,2.0, Bogor,650000000.0
487.0,250.0,4.0,2.0, Bogor,1800000000.0
4640.0,500.0,4.0,4.0, Bogor,6000000000.0
2500.0,500.0,16.0,16.0, Bogor,5000000000.0
4600.0,500.0,4.0,3.0, Bogor,7000000000.0
1500.0,1000.0,3.0,3.0, Bogor,2500000000.0
150.0,100.0,4.0,2.0, Bogor,900000000.0
1000.0,150.0,3.0,2.0, Bogor,1500000000.0
94.0,96.0,3.0,2.0, Bogor,1350000000.0
3033.0,500.0,16.0,8.0, Bogor,5000000000.0
363.0,170.0,3.0,3.0, Bogor,4200000000.0
531.0,222.0,3.0,3.0, Bogor,4850000000.0
94.0,96.0,3.0,2.0, Bogor,1350000000.0
94.0,96.0,3.0,2.0, Bogor,1350000000.0
94.0,96.0,3.0,2.0, Bogor,1350000000.0
94.0,96.0,3.0,2.0, Bogor,1350000000.0
60.0,36.0,2.0,1.0, Bogor,285000000.0
60.0,36.0,2.0,1.0, Bogor,285000000.0
5025.0,300.0,4.0,2.0, Bogor,50000000000.0
94.0,96.0,3.0,2.0, Bogor,1350000000.0
60.0,32.0,2.0,1.0, Bogor,459000000.0
94.0,96.0,3.0,2.0, Bogor,1350000000.0
94.0,96.0,3.0,2.0, Bogor,1350000000.0
102.0,102.0,2.0,1.0, Bogor,600000000.0
202.0,186.0,3.0,3.0, Bogor,2600000000.0
5930.0,800.0,13.0,8.0, Bogor,45000000000.0
94.0,96.0,3.0,2.0, Bogor,1350000000.0
94.0,96.0,3.0,2.0, Bogor,1350000000.0
90.0,60.0,2.0,1.0, Bogor,835000000.0
94.0,96.0,3.0,2.0, Bogor,1350000000.0
92.0,71.0,3.0,2.0, Bogor,879000000.0
94.0,96.0,3.0,2.0, Bogor,1350000000.0
94.0,96.0,3.0,2.0, Bogor,1350000000.0
94.0,96.0,3.0,2.0, Bogor,1350000000.0
94.0,96.0,3.0,2.0, Bogor,1350000000.0
94.0,96.0,3.0,2.0, Bogor,1350000000.0
5360.0,624.0,8.0,9.0, Bogor,35000000000.0
109.0,90.0,3.0,2.0, Bogor,900000000.0
94.0,96.0,3.0,2.0, Bogor,1350000000.0
94.0,96.0,3.0,2.0, Bogor,1350000000.0
94.0,96.0,3.0,2.0, Bogor,1350000000.0
94.0,96.0,3.0,2.0, Bogor,1350000000.0
94.0,96.0,3.0,2.0, Bogor,1350000000.0
94.0,96.0,3.0,2.0, Bogor,1350000000.0
94.0,96.0,3.0,2.0, Bogor,1350000000.0
150.0,100.0,4.0,2.0, Bogor,1500000000.0
60.0,63.0,3.0,2.0, Bogor,628000000.0
90.0,45.0,2.0,1.0, Bogor,595000000.0
266.0,255.0,3.0,2.0, Bogor,1900000000.0
64.0,60.0,3.0,2.0, Bogor,685000000.0
66.0,45.0,2.0,1.0, Bogor,285000000.0
60.0,40.0,2.0,1.0, Bogor,400000000.0
70.0,60.0,3.0,2.0, Bogor,800000000.0
72.0,50.0,2.0,1.0, Bogor,300000000.0
170.0,110.0,3.0,2.0, Bogor,850000000.0
170.0,100.0,2.0,1.0, Bogor,1200000000.0
132.0,100.0,3.0,2.0, Bogor,550000000.0
72.0,65.0,3.0,2.0, Bogor,355000000.0
72.0,100.0,3.0,2.0, Bogor,430000000.0
84.0,56.0,2.0,1.0, Bogor,245000000.0
72.0,60.0,2.0,1.0, Bogor,245000000.0
160.0,45.0,2.0,1.0, Bogor,950000000.0
72.0,60.0,2.0,1.0, Bogor,250000000.0
72.0,60.0,2.0,1.0, Bogor,250000000.0
120.0,30.0,2.0,1.0, Bogor,295000000.0
72.0,36.0,2.0,1.0, Bogor,235000000.0
90.0,55.0,2.0,1.0, Bogor,350000000.0
90.0,55.0,2.0,1.0, Bogor,350000000.0
90.0,55.0,2.0,1.0, Bogor,350000000.0
90.0,36.0,2.0,1.0, Bogor,225000000.0
90.0,36.0,2.0,1.0, Bogor,280000000.0
144.0,70.0,2.0,2.0, Bogor,650000000.0
120.0,38.0,2.0,1.0, Bogor,549000000.0
90.0,36.0,2.0,1.0, Bogor,434000000.0
84.0,70.0,2.0,2.0, Bogor,750000000.0
72.0,36.0,2.0,1.0, Bogor,450000000.0
155.0,103.0,3.0,3.0, Bogor,1100000000.0
162.0,300.0,4.0,4.0, Bogor,3000000000.0
162.0,170.0,3.0,3.0, Bogor,1800000000.0
351.0,150.0,4.0,3.0, Bogor,3300000000.0
115.0,95.0,2.0,1.0, Bogor,1050000000.0
72.0,69.0,3.0,2.0, Bogor,775000000.0
110.0,69.0,3.0,2.0, Bogor,919000000.0
108.0,69.0,3.0,2.0, Bogor,908000000.0
72.0,69.0,3.0,2.0, Bogor,775000000.0
78.0,42.0,2.0,1.0, Bogor,440000000.0
112.0,133.0,4.0,3.0, Bogor,1020000000.0
91.0,112.0,4.0,2.0, Bogor,805000000.0
4000.0,2000.0,4.0,4.0, Bogor,1000000000.0
1750.0,500.0,3.0,3.0, Bogor,2600000000.0
200.0,350.0,3.0,3.0, Bogor,500000000.0
4704.0,1000.0,4.0,3.0, Bogor,7500000000.0
198.0,350.0,4.0,3.0, Bogor,2500000000.0
178.0,100.0,4.0,2.0, Bogor,820000000.0
110.0,161.0,3.0,3.0, Bogor,389000000.0
636.0,350.0,4.0,4.0, Bogor,4000000000.0
72.0,72.0,2.0,1.0, Bogor,85000000.0
72.0,36.0,2.0,1.0, Bogor,338000000.0
4445.0,350.0,5.0,4.0, Bogor,3500000000.0
72.0,32.0,2.0,1.0, Bogor,550000000.0
74.0,70.0,3.0,2.0, Depok,799000000.0
72.0,70.0,3.0,2.0, Depok,811000000.0
80.0,45.0,2.0,1.0, Depok,660000000.0
120.0,100.0,3.0,3.0, Depok,1200000000.0
60.0,40.0,2.0,1.0, Depok,330000000.0
120.0,100.0,3.0,3.0, Depok,1200000000.0
80.0,45.0,2.0,1.0, Depok,660000000.0
180.0,200.0,3.0,4.0, Depok,2280000000.0
72.0,85.0,3.0,2.0, Depok,790000000.0
75.0,50.0,2.0,1.0, Depok,690000000.0
83.0,90.0,3.0,2.0, Depok,1030000000.0
80.0,45.0,2.0,1.0, Depok,660000000.0
73.0,50.0,2.0,1.0, Depok,495000000.0
54.0,85.0,3.0,3.0, Depok,885000000.0
91.0,75.0,3.0,2.0, Depok,775000000.0
60.0,72.0,2.0,1.0, Depok,900000000.0
75.0,45.0,2.0,1.0, Depok,650000000.0
70.0,74.0,3.0,2.0, Depok,799000000.0
72.0,80.0,3.0,2.0, Depok,930000000.0
68.0,90.0,3.0,3.0, Depok,895000000.0
91.0,70.0,3.0,2.0, Depok,775000000.0
68.0,42.0,2.0,1.0, Depok,725000000.0
70.0,72.0,3.0,2.0, Depok,800000000.0
70.0,110.0,3.0,3.0, Depok,1150000000.0
66.0,40.0,2.0,1.0, Depok,494000000.0
88.0,100.0,3.0,3.0, Depok,940000000.0
180.0,356.0,4.0,3.0, Depok,1200000000.0
55.0,47.0,3.0,2.0, Depok,560000000.0
60.0,40.0,2.0,1.0, Depok,350000000.0
75.0,55.0,2.0,1.0, Depok,625000000.0
103.0,60.0,3.0,2.0, Depok,750000000.0
70.0,50.0,2.0,1.0, Depok,675000000.0
68.0,45.0,2.0,1.0, Depok,400000000.0
89.0,75.0,3.0,2.0, Depok,895000000.0
85.0,120.0,4.0,3.0, Depok,930000000.0
50.0,80.0,3.0,3.0, Depok,865000000.0
72.0,100.0,3.0,3.0, Depok,1120000000.0
70.0,100.0,3.0,2.0, Depok,1150000000.0
65.0,92.0,3.0,3.0, Depok,1270000000.0
100.0,84.0,3.0,2.0, Depok,1000000000.0
60.0,36.0,2.0,1.0, Depok,220000000.0
150.0,54.0,2.0,2.0, Depok,390000000.0
84.0,90.0,3.0,3.0, Depok,1580000000.0
75.0,103.0,3.0,3.0, Depok,1300000000.0
60.0,74.0,3.0,2.0, Depok,945000000.0
117.0,165.0,4.0,3.0, Depok,1200000000.0
84.0,85.0,3.0,3.0, Depok,1580000000.0
63.0,37.0,2.0,1.0, Depok,550000000.0
232.0,150.0,4.0,4.0, Depok,2990000000.0
83.0,154.0,5.0,2.0, Depok,1050000000.0
61.0,78.0,3.0,2.0, Depok,875000000.0
98.0,78.0,2.0,3.0, Depok,1200000000.0
67.0,54.0,3.0,2.0, Depok,800000000.0
62.0,63.0,3.0,2.0, Depok,750000000.0
143.0,180.0,4.0,3.0, Depok,1980000000.0
83.0,154.0,5.0,2.0, Depok,1050000000.0
232.0,150.0,4.0,4.0, Depok,2990000000.0
88.0,40.0,2.0,1.0, Depok,595000000.0
83.0,154.0,5.0,2.0, Depok,1050000000.0
73.0,40.0,2.0,1.0, Depok,535000000.0
90.0,70.0,3.0,2.0, Depok,897000000.0
60.0,54.0,3.0,2.0, Depok,678000000.0
60.0,46.0,2.0,2.0, Depok,617000000.0
232.0,150.0,4.0,4.0, Depok,2990000000.0
86.0,50.0,2.0,1.0, Depok,1020000000.0
105.0,60.0,2.0,1.0, Depok,945000000.0
105.0,60.0,2.0,1.0, Depok,945000000.0
83.0,154.0,3.0,2.0, Depok,1050000000.0
84.0,48.0,2.0,1.0, Depok,840000000.0
67.0,70.0,3.0,2.0, Depok,1020000000.0
115.0,135.0,4.0,2.0, Depok,1300000000.0
68.0,56.0,3.0,2.0, Depok,800000000.0
60.0,77.0,3.0,2.0, Depok,795000000.0
70.0,70.0,3.0,2.0, Depok,897000000.0
60.0,46.0,2.0,2.0, Depok,607000000.0
158.0,90.0,2.0,2.0, Depok,1950000000.0
218.0,45.0,2.0,1.0, Depok,2500000000.0
62.0,70.0,3.0,2.0, Depok,710000000.0
101.0,78.0,3.0,3.0, Depok,800000000.0
218.0,45.0,2.0,1.0, Depok,2300000000.0
56.0,60.0,3.0,2.0, Depok,850000000.0
178.0,135.0,4.0,2.0, Depok,900000000.0
70.0,69.0,3.0,2.0, Depok,839000000.0
280.0,400.0,5.0,4.0, Depok,3300000000.0
40.0,52.0,2.0,2.0, Depok,662000000.0
57.0,54.0,3.0,2.0, Depok,679000000.0
163.0,130.0,3.0,3.0, Depok,1960000000.0
74.0,88.0,3.0,2.0, Depok,1510000000.0
90.0,90.0,3.0,2.0, Depok,1470000000.0
151.0,88.0,3.0,2.0, Depok,1610000000.0
78.0,110.0,3.0,3.0, Depok,1340000000.0
58.0,76.0,3.0,2.0, Depok,865000000.0
61.0,37.0,2.0,1.0, Depok,563000000.0
61.0,37.0,2.0,1.0, Depok,563000000.0
61.0,37.0,2.0,1.0, Depok,563000000.0
92.0,45.0,2.0,1.0, Depok,670000000.0
60.0,36.0,2.0,1.0, Depok,260000000.0
62.0,36.0,2.0,1.0, Depok,365000000.0
82.0,50.0,2.0,1.0, Depok,660000000.0
40.0,36.0,2.0,1.0, Depok,195000000.0
60.0,36.0,2.0,1.0, Depok,440000000.0
203.0,130.0,3.0,2.0, Depok,400000000.0
60.0,30.0,2.0,1.0, Depok,85000000.0
74.0,36.0,2.0,1.0, Depok,410000000.0
72.0,36.0,2.0,1.0, Depok,473000000.0
85.0,36.0,2.0,1.0, Depok,501000000.0
50.0,36.0,2.0,1.0, Depok,200000000.0
50.0,36.0,2.0,1.0, Depok,215000000.0
74.0,36.0,2.0,1.0, Depok,559000000.0
65.0,36.0,2.0,1.0, Depok,410000000.0
75.0,27.0,2.0,1.0, Depok,372000000.0
75.0,27.0,2.0,1.0, Depok,375000000.0
60.0,40.0,2.0,1.0, Depok,325000000.0
60.0,40.0,2.0,1.0, Depok,325000000.0
60.0,40.0,2.0,1.0, Depok,325000000.0
55.0,36.0,2.0,1.0, Depok,150000000.0
109.0,90.0,3.0,2.0, Depok,1560000000.0
50.0,85.0,3.0,3.0, Depok,849000000.0
70.0,115.0,3.0,2.0, Depok,960000000.0
70.0,48.0,2.0,1.0, Depok,615000000.0
88.0,120.0,3.0,3.0, Depok,940000000.0
91.0,70.0,3.0,2.0, Depok,775000000.0
75.0,50.0,2.0,1.0, Depok,625000000.0
64.0,60.0,2.0,2.0, Depok,680000000.0
105.0,55.0,2.0,1.0, Depok,700000000.0
85.0,50.0,2.0,1.0, Depok,600000000.0
80.0,95.0,4.0,3.0, Depok,995000000.0
92.0,70.0,3.0,2.0, Depok,774000000.0
70.0,48.0,2.0,1.0, Depok,590000000.0
50.0,70.0,3.0,2.0, Depok,754000000.0
68.0,56.0,3.0,2.0, Depok,774000000.0
70.0,60.0,3.0,2.0, Depok,799000000.0
85.0,50.0,2.0,1.0, Depok,600000000.0
70.0,55.0,2.0,1.0, Depok,725000000.0
70.0,89.0,3.0,2.0, Depok,790000000.0
60.0,80.0,3.0,2.0, Depok,900000000.0
60.0,60.0,2.0,2.0, Depok,680000000.0
98.0,130.0,3.0,3.0, Depok,1490000000.0
95.0,130.0,3.0,3.0, Depok,1490000000.0
72.0,45.0,2.0,1.0, Depok,484000000.0
84.0,104.0,3.0,3.0, Depok,1550000000.0
101.0,48.0,2.0,1.0, Depok,730000000.0
70.0,48.0,2.0,1.0, Depok,590000000.0
72.0,48.0,2.0,1.0, Depok,595000000.0
70.0,48.0,2.0,1.0, Depok,592000000.0
72.0,50.0,2.0,1.0, Depok,550000000.0
70.0,45.0,2.0,1.0, Depok,680000000.0
70.0,115.0,3.0,2.0, Depok,965000000.0
131.0,140.0,3.0,1.0, Depok,870000000.0
164.0,95.0,3.0,2.0, Depok,1260000000.0
72.0,42.0,2.0,1.0, Depok,780000000.0
81.0,81.0,3.0,1.0, Depok,900000000.0
72.0,42.0,2.0,1.0, Depok,780000000.0
84.0,40.0,2.0,2.0, Depok,1020000000.0
81.0,81.0,3.0,1.0, Depok,900000000.0
164.0,95.0,3.0,2.0, Depok,1260000000.0
72.0,42.0,2.0,1.0, Depok,780000000.0
84.0,40.0,2.0,2.0, Depok,1020000000.0
164.0,95.0,3.0,2.0, Depok,1260000000.0
94.0,70.0,3.0,2.0, Depok,1150000000.0
75.0,50.0,2.0,1.0, Depok,500000000.0
131.0,140.0,3.0,1.0, Depok,870000000.0
131.0,140.0,3.0,1.0, Depok,870000000.0
108.0,90.0,2.0,1.0, Depok,960000000.0
131.0,140.0,3.0,1.0, Depok,870000000.0
108.0,90.0,2.0,1.0, Depok,960000000.0
131.0,140.0,3.0,1.0, Depok,870000000.0
108.0,90.0,2.0,1.0, Depok,960000000.0
164.0,95.0,3.0,2.0, Depok,1260000000.0
72.0,52.0,3.0,1.0, Depok,630000000.0
70.0,48.0,2.0,1.0, Depok,470000000.0
72.0,45.0,2.0,1.0, Depok,484000000.0
84.0,70.0,3.0,2.0, Depok,785000000.0
124.0,75.0,3.0,3.0, Depok,1370000000.0
234.0,150.0,3.0,3.0, Depok,3500000000.0
234.0,150.0,3.0,3.0, Depok,3500000000.0
84.0,76.0,3.0,2.0, Depok,1140000000.0
98.0,68.0,3.0,1.0, Depok,780000000.0
72.0,90.0,3.0,2.0, Depok,1560000000.0
72.0,72.0,2.0,1.0, Depok,660000000.0
60.0,60.0,3.0,2.0, Depok,750000000.0
72.0,90.0,3.0,2.0, Depok,1560000000.0
98.0,68.0,3.0,1.0, Depok,780000000.0
72.0,72.0,2.0,1.0, Depok,660000000.0
72.0,72.0,2.0,1.0, Depok,660000000.0
72.0,72.0,2.0,1.0, Depok,660000000.0
86.0,50.0,2.0,1.0, Depok,1020000000.0
72.0,90.0,3.0,2.0, Depok,1560000000.0
96.0,71.0,2.0,1.0, Depok,800000000.0
60.0,38.0,2.0,1.0, Depok,465000000.0
96.0,71.0,2.0,1.0, Depok,800000000.0
72.0,72.0,2.0,1.0, Depok,660000000.0
72.0,90.0,3.0,2.0, Depok,1560000000.0
98.0,68.0,3.0,1.0, Depok,780000000.0
96.0,71.0,2.0,1.0, Depok,800000000.0
60.0,38.0,2.0,1.0, Depok,464000000.0
84.0,71.0,3.0,2.0, Depok,800000000.0
89.0,80.0,3.0,2.0, Depok,999000000.0
81.0,70.0,3.0,2.0, Depok,970000000.0
60.0,54.0,3.0,2.0, Depok,580000000.0
67.0,65.0,3.0,2.0, Depok,775000000.0
78.0,45.0,2.0,2.0, Depok,70000000.0
78.0,36.0,2.0,1.0, Depok,660000000.0
66.0,56.0,3.0,2.0, Depok,725000000.0
74.0,36.0,2.0,1.0, Depok,559000000.0
95.0,100.0,3.0,3.0, Depok,995000000.0
66.0,56.0,3.0,2.0, Depok,725000000.0
66.0,56.0,3.0,2.0, Depok,699000000.0
120.0,150.0,4.0,3.0, Depok,1350000000.0
60.0,60.0,3.0,2.0, Depok,615000000.0
60.0,36.0,2.0,1.0, Depok,220000000.0
60.0,38.0,2.0,1.0, Depok,500000000.0
96.0,75.0,3.0,3.0, Depok,1100000000.0
167.0,160.0,2.0,3.0, Depok,1920000000.0
113.0,150.0,2.0,2.0, Depok,2040000000.0
72.0,140.0,3.0,3.0, Depok,1560000000.0
167.0,160.0,2.0,3.0, Depok,1920000000.0
96.0,75.0,3.0,3.0, Depok,1100000000.0
96.0,75.0,3.0,3.0, Depok,1100000000.0
72.0,140.0,3.0,3.0, Depok,1560000000.0
151.0,150.0,4.0,3.0, Depok,1500000000.0
95.0,105.0,3.0,2.0, Depok,1980000000.0
42.0,66.0,3.0,2.0, Depok,699000000.0
108.0,90.0,2.0,1.0, Depok,960000000.0
96.0,75.0,3.0,3.0, Depok,1100000000.0
167.0,160.0,2.0,3.0, Depok,1920000000.0
113.0,150.0,2.0,2.0, Depok,2040000000.0
72.0,140.0,3.0,3.0, Depok,1560000000.0
151.0,150.0,4.0,3.0, Depok,1500000000.0
113.0,150.0,2.0,2.0, Depok,2040000000.0
78.0,110.0,3.0,3.0, Depok,1650000000.0
151.0,150.0,4.0,3.0, Depok,1500000000.0
180.0,112.0,3.0,3.0, Depok,1410000000.0
151.0,150.0,4.0,3.0, Depok,1500000000.0
96.0,75.0,3.0,3.0, Depok,1100000000.0
112.0,180.0,3.0,3.0, Depok,1410000000.0
112.0,180.0,3.0,3.0, Depok,1410000000.0
167.0,160.0,2.0,3.0, Depok,1920000000.0
72.0,140.0,3.0,3.0, Depok,1560000000.0
70.0,45.0,2.0,1.0, Depok,295000000.0
84.0,155.0,3.0,3.0, Depok,1720000000.0
67.0,90.0,4.0,3.0, Depok,1430000000.0
305.0,200.0,3.0,3.0, Depok,2900000000.0
164.0,104.0,3.0,3.0, Depok,1500000000.0
86.0,50.0,2.0,1.0, Depok,1020000000.0
164.0,104.0,3.0,3.0, Depok,1500000000.0
119.0,90.0,3.0,2.0, Depok,900000000.0
84.0,48.0,2.0,1.0, Depok,840000000.0
84.0,48.0,2.0,1.0, Depok,840000000.0
96.0,71.0,2.0,1.0, Depok,800000000.0
86.0,50.0,2.0,1.0, Depok,1020000000.0
105.0,60.0,2.0,1.0, Depok,945000000.0
120.0,140.0,3.0,2.0, Depok,1020000000.0
105.0,60.0,2.0,1.0, Depok,945000000.0
164.0,104.0,3.0,3.0, Depok,1500000000.0
90.0,70.0,3.0,2.0, Depok,897000000.0
119.0,90.0,3.0,2.0, Depok,900000000.0
90.0,135.0,2.0,2.0, Depok,1200000000.0
84.0,48.0,2.0,1.0, Depok,840000000.0
98.0,78.0,2.0,3.0, Depok,1200000000.0
120.0,140.0,3.0,2.0, Depok,1020000000.0
164.0,104.0,3.0,3.0, Depok,1500000000.0
220.0,180.0,3.0,3.0, Depok,1300000000.0
140.0,140.0,3.0,2.0, Depok,1000000000.0
160.0,230.0,4.0,3.0, Depok,1850000000.0
90.0,70.0,2.0,1.0, Depok,1080000000.0
180.0,200.0,3.0,4.0, Depok,2280000000.0
119.0,90.0,3.0,2.0, Depok,900000000.0
119.0,90.0,3.0,2.0, Depok,900000000.0
71.0,61.0,3.0,2.0, Depok,870000000.0
90.0,70.0,2.0,1.0, Depok,1080000000.0
90.0,70.0,2.0,1.0, Depok,1080000000.0
180.0,200.0,3.0,4.0, Depok,2280000000.0
115.0,145.0,3.0,3.0, Depok,1560000000.0
90.0,45.0,2.0,2.0, Depok,900000000.0
106.0,150.0,3.0,3.0, Depok,1800000000.0
106.0,150.0,3.0,3.0, Depok,1800000000.0
106.0,150.0,3.0,3.0, Depok,1800000000.0
106.0,150.0,3.0,3.0, Depok,1800000000.0
150.0,115.0,3.0,3.0, Depok,2040000000.0
194.0,120.0,3.0,4.0, Depok,4200000000.0
55.0,55.0,2.0,2.0, Depok,658000000.0
180.0,200.0,3.0,4.0, Depok,2280000000.0
98.0,68.0,3.0,1.0, Depok,780000000.0
115.0,145.0,3.0,3.0, Depok,1560000000.0
90.0,45.0,2.0,2.0, Depok,900000000.0
115.0,145.0,3.0,3.0, Depok,1560000000.0
90.0,45.0,2.0,2.0, Depok,900000000.0
150.0,115.0,3.0,3.0, Depok,2040000000.0
90.0,45.0,2.0,2.0, Depok,900000000.0
180.0,200.0,3.0,4.0, Depok,2280000000.0
115.0,145.0,3.0,3.0, Depok,1560000000.0
194.0,120.0,3.0,4.0, Depok,4200000000.0
70.0,68.0,3.0,2.0, Depok,800000000.0
55.0,55.0,2.0,2.0, Depok,556000000.0
54.0,55.0,2.0,2.0, Depok,651000000.0
72.0,70.0,3.0,2.0, Depok,995000000.0
120.0,100.0,3.0,3.0, Depok,1200000000.0
120.0,100.0,3.0,3.0, Depok,1200000000.0
72.0,105.0,3.0,4.0, Depok,1100000000.0
84.0,55.0,2.0,1.0, Depok,485000000.0
78.0,120.0,3.0,2.0, Depok,1400000000.0
95.0,105.0,3.0,2.0, Depok,1980000000.0
78.0,110.0,3.0,3.0, Depok,1650000000.0
152.0,88.0,3.0,2.0, Depok,1680000000.0
72.0,43.0,1.0,1.0, Depok,750000000.0
85.0,100.0,2.0,2.0, Depok,950000000.0
468.0,400.0,5.0,5.0, Depok,6500000000.0
78.0,120.0,3.0,2.0, Depok,1400000000.0
72.0,110.0,3.0,3.0, Depok,1150000000.0
90.0,60.0,2.0,1.0, Depok,960000000.0
78.0,120.0,3.0,2.0, Depok,1400000000.0
95.0,105.0,3.0,2.0, Depok,1980000000.0
150.0,200.0,4.0,3.0, Depok,2520000000.0
109.0,90.0,3.0,2.0, Depok,1560000000.0
151.0,150.0,4.0,3.0, Depok,1500000000.0
167.0,160.0,2.0,3.0, Depok,1920000000.0
72.0,140.0,3.0,3.0, Depok,1560000000.0
78.0,120.0,3.0,2.0, Depok,1400000000.0
150.0,200.0,4.0,3.0, Depok,2520000000.0
132.0,125.0,4.0,3.0, Depok,2520000000.0
95.0,105.0,3.0,2.0, Depok,1980000000.0
110.0,140.0,4.0,4.0, Depok,2640000000.0
113.0,150.0,2.0,2.0, Depok,2040000000.0
78.0,110.0,3.0,3.0, Depok,1650000000.0
180.0,112.0,3.0,3.0, Depok,1410000000.0
120.0,77.0,2.0,2.0, Depok,1200000000.0
140.0,200.0,4.0,3.0, Depok,1650000000.0
120.0,180.0,3.0,3.0, Depok,1900000000.0
118.0,160.0,3.0,3.0, Depok,2200000000.0
120.0,158.0,3.0,3.0, Depok,2550000000.0
60.0,73.0,3.0,2.0, Depok,1480000000.0
246.0,320.0,4.0,4.0, Depok,5700000000.0
200.0,365.0,4.0,4.0, Depok,3500000000.0
112.0,56.0,3.0,1.0, Depok,1570000000.0
70.0,115.0,3.0,2.0, Depok,970000000.0
120.0,180.0,4.0,2.0, Depok,1950000000.0
250.0,225.0,3.0,3.0, Depok,3000000000.0
425.0,237.0,5.0,4.0, Depok,4000000000.0
170.0,200.0,4.0,2.0, Depok,750000000.0
65.0,78.0,3.0,3.0, Depok,800000000.0
120.0,178.0,3.0,3.0, Depok,2500000000.0
101.0,78.0,3.0,3.0, Depok,890000000.0
118.0,160.0,4.0,3.0, Depok,2200000000.0
234.0,400.0,3.0,3.0, Depok,4200000000.0
158.0,145.0,2.0,2.0, Depok,4000000000.0
321.0,500.0,6.0,4.0, Depok,3500000000.0
500.0,460.0,3.0,3.0, Depok,6850000000.0
300.0,250.0,3.0,3.0, Depok,3950000000.0
150.0,220.0,3.0,3.0, Depok,1900000000.0
710.0,388.0,4.0,3.0, Depok,6200000000.0
540.0,350.0,4.0,3.0, Depok,5800000000.0
387.0,175.0,4.0,3.0, Depok,4500000000.0
72.0,110.0,3.0,4.0, Depok,1090000000.0
60.0,70.0,2.0,2.0, Depok,680000000.0
187.0,200.0,3.0,3.0, Depok,2750000000.0
78.0,110.0,3.0,3.0, Depok,1650000000.0
120.0,83.0,2.0,2.0, Depok,2280000000.0
120.0,140.0,3.0,3.0, Depok,1500000000.0
108.0,150.0,2.0,2.0, Depok,1650000000.0
132.0,90.0,2.0,2.0, Depok,1200000000.0
80.0,138.0,3.0,3.0, Depok,1350000000.0
75.0,36.0,2.0,1.0, Depok,525000000.0
120.0,91.0,3.0,2.0, Depok,2130000000.0
56.0,93.0,2.0,2.0, Depok,1450000000.0
62.0,73.0,3.0,2.0, Depok,1480000000.0
71.0,84.0,3.0,3.0, Depok,1590000000.0
93.0,88.0,3.0,2.0, Depok,1170000000.0
150.0,200.0,4.0,3.0, Depok,2520000000.0
390.0,300.0,4.0,4.0, Depok,4300000000.0
93.0,88.0,3.0,2.0, Depok,1170000000.0
68.0,40.0,2.0,1.0, Depok,400000000.0
109.0,90.0,3.0,2.0, Depok,1560000000.0
72.0,43.0,1.0,1.0, Depok,750000000.0
82.0,50.0,2.0,1.0, Depok,660000000.0
108.0,90.0,2.0,1.0, Depok,960000000.0
82.0,50.0,2.0,1.0, Depok,660000000.0
120.0,45.0,2.0,1.0, Depok,1200000000.0
109.0,90.0,3.0,2.0, Depok,1560000000.0
72.0,90.0,3.0,2.0, Depok,793000000.0
109.0,90.0,3.0,2.0, Depok,1560000000.0
66.0,42.0,2.0,1.0, Depok,484000000.0
60.0,40.0,2.0,1.0, Depok,300000000.0
72.0,43.0,1.0,1.0, Depok,750000000.0
50.0,36.0,2.0,1.0, Depok,235000000.0
90.0,160.0,3.0,2.0, Depok,1320000000.0
82.0,50.0,2.0,1.0, Depok,660000000.0
81.0,81.0,3.0,1.0, Depok,900000000.0
164.0,95.0,3.0,2.0, Depok,1260000000.0
90.0,160.0,3.0,2.0, Depok,1320000000.0
72.0,43.0,1.0,1.0, Depok,750000000.0
72.0,42.0,2.0,1.0, Depok,780000000.0
120.0,100.0,3.0,3.0, Depok,1200000000.0
72.0,43.0,1.0,1.0, Depok,750000000.0
82.0,50.0,2.0,1.0, Depok,660000000.0
120.0,100.0,3.0,3.0, Depok,1200000000.0
84.0,40.0,2.0,2.0, Depok,1020000000.0
109.0,90.0,3.0,2.0, Depok,1560000000.0
101.0,78.0,3.0,3.0, Depok,901000000.0
101.0,91.0,3.0,3.0, Depok,901000000.0
91.0,101.0,4.0,3.0, Depok,1110000000.0
60.0,45.0,2.0,1.0, Depok,485000000.0
600.0,300.0,4.0,3.0, Depok,4000000000.0
84.0,75.0,2.0,2.0, Depok,1200000000.0
68.0,56.0,3.0,2.0, Depok,800000000.0
70.0,69.0,3.0,2.0, Depok,750000000.0
68.0,38.0,2.0,1.0, Depok,600000000.0
72.0,52.0,3.0,1.0, Depok,650000000.0
84.0,45.0,2.0,1.0, Depok,917000000.0
70.0,118.0,4.0,2.0, Depok,950000000.0
70.0,115.0,3.0,2.0, Depok,955000000.0
124.0,135.0,4.0,4.0, Depok,1870000000.0
63.0,40.0,2.0,1.0, Depok,285000000.0
158.0,133.0,4.0,4.0, Depok,2490000000.0
142.0,126.0,3.0,3.0, Depok,2280000000.0
50.0,36.0,2.0,1.0, Depok,230000000.0
200.0,120.0,3.0,4.0, Depok,3500000000.0
101.0,78.0,3.0,3.0, Depok,800000000.0
55.0,42.0,2.0,1.0, Depok,387000000.0
72.0,42.0,2.0,1.0, Depok,485000000.0
73.0,45.0,2.0,1.0, Depok,525000000.0
120.0,79.0,3.0,2.0, Depok,1600000000.0
60.0,80.0,4.0,2.0, Depok,445000000.0
144.0,68.0,2.0,2.0, Depok,1450000000.0
50.0,36.0,2.0,1.0, Depok,200000000.0
112.0,120.0,5.0,4.0, Depok,1800000000.0
66.0,50.0,2.0,1.0, Depok,750000000.0
119.0,80.0,3.0,1.0, Depok,650000000.0
110.0,103.0,3.0,3.0, Depok,2280000000.0
96.0,103.0,3.0,2.0, Depok,1670000000.0
84.0,85.0,3.0,2.0, Depok,1410000000.0
84.0,75.0,2.0,2.0, Depok,1330000000.0
106.0,75.0,2.0,2.0, Depok,1940000000.0
129.0,120.0,4.0,4.0, Depok,2790000000.0
84.0,75.0,3.0,3.0, Depok,1330000000.0
72.0,45.0,2.0,1.0, Depok,508000000.0
96.0,103.0,4.0,4.0, Depok,1500000000.0
70.0,34.0,2.0,1.0, Depok,583000000.0
52.0,63.0,2.0,2.0, Depok,622000000.0
230.0,150.0,3.0,3.0, Depok,1600000000.0
92.0,74.0,3.0,2.0, Depok,1100000000.0
76.0,66.0,3.0,2.0, Depok,799000000.0
72.0,72.0,3.0,2.0, Depok,590000000.0
75.0,60.0,3.0,2.0, Depok,755000000.0
121.0,71.0,2.0,2.0, Depok,1230000000.0
98.0,78.0,2.0,3.0, Depok,1200000000.0
98.0,78.0,2.0,3.0, Depok,1200000000.0
50.0,30.0,2.0,1.0, Depok,500000000.0
62.0,70.0,3.0,2.0, Depok,699000000.0
120.0,158.0,3.0,3.0, Depok,1800000000.0
235.0,225.0,3.0,2.0, Depok,2600000000.0
98.0,78.0,2.0,2.0, Depok,1200000000.0
70.0,69.0,3.0,2.0, Depok,875000000.0
105.0,60.0,2.0,1.0, Depok,945000000.0
80.0,45.0,2.0,1.0, Depok,660000000.0
80.0,45.0,2.0,1.0, Depok,660000000.0
87.0,45.0,2.0,1.0, Depok,690000000.0
60.0,36.0,3.0,1.0, Depok,350000000.0
109.0,144.0,3.0,3.0, Depok,800000000.0
128.0,110.0,3.0,1.0, Depok,1250000000.0
87.0,45.0,2.0,1.0, Depok,690000000.0
120.0,57.0,2.0,1.0, Depok,950000000.0
106.0,150.0,3.0,3.0, Depok,1800000000.0
150.0,200.0,4.0,3.0, Depok,2520000000.0
96.0,75.0,3.0,3.0, Depok,1100000000.0
72.0,80.0,3.0,3.0, Depok,1150000000.0
72.0,80.0,3.0,3.0, Depok,1150000000.0
72.0,75.0,3.0,2.0, Depok,995000000.0
60.0,51.0,2.0,2.0, Depok,756000000.0
97.0,130.0,3.0,3.0, Depok,1440000000.0
50.0,50.0,2.0,2.0, Depok,725000000.0
102.0,120.0,3.0,3.0, Depok,1350000000.0
57.0,72.0,3.0,2.0, Depok,950000000.0
100.0,120.0,4.0,3.0, Depok,1600000000.0
72.0,75.0,3.0,2.0, Depok,995000000.0
127.0,168.0,5.0,5.0, Depok,2300000000.0
72.0,120.0,3.0,3.0, Depok,1400000000.0
100.0,120.0,3.0,3.0, Depok,1700000000.0
100.0,130.0,3.0,3.0, Depok,1400000000.0
77.0,140.0,3.0,3.0, Depok,1700000000.0
72.0,75.0,3.0,2.0, Depok,995000000.0
86.0,110.0,3.0,3.0, Depok,1420000000.0
127.0,170.0,4.0,3.0, Depok,2300000000.0
125.0,136.0,3.0,3.0, Depok,1950000000.0
72.0,42.0,2.0,1.0, Depok,770000000.0
300.0,317.0,4.0,4.0, Depok,1350000000.0
90.0,45.0,2.0,2.0, Depok,900000000.0
194.0,120.0,3.0,4.0, Depok,4200000000.0
72.0,90.0,3.0,2.0, Depok,1560000000.0
83.0,154.0,5.0,2.0, Depok,1050000000.0
115.0,145.0,3.0,3.0, Depok,1560000000.0
450.0,250.0,6.0,2.0, Depok,4900000000.0
80.0,100.0,3.0,3.0, Depok,1730000000.0
80.0,60.0,4.0,3.0, Depok,1200000000.0
81.0,80.0,3.0,3.0, Depok,1220000000.0
400.0,250.0,6.0,2.0, Depok,4900000000.0
100.0,66.0,4.0,4.0, Depok,1000000000.0
50.0,36.0,2.0,1.0, Depok,350000000.0
72.0,72.0,2.0,1.0, Depok,660000000.0
98.0,100.0,3.0,3.0, Depok,1300000000.0
60.0,85.0,3.0,3.0, Depok,870000000.0
68.0,90.0,3.0,3.0, Depok,890000000.0
80.0,70.0,3.0,2.0, Depok,800000000.0
93.0,88.0,3.0,2.0, Depok,1170000000.0
72.0,110.0,3.0,3.0, Depok,1250000000.0
92.0,100.0,3.0,2.0, Depok,1100000000.0
98.0,130.0,3.0,3.0, Depok,1450000000.0
60.0,75.0,3.0,2.0, Depok,900000000.0
98.0,130.0,3.0,3.0, Depok,1300000000.0
127.0,180.0,5.0,5.0, Depok,2310000000.0
100.0,90.0,4.0,2.0, Depok,1430000000.0
46.0,36.0,2.0,1.0, Depok,575000000.0
268.0,140.0,4.0,3.0, Depok,3200000000.0
72.0,50.0,2.0,1.0, Depok,485000000.0
40.0,46.0,2.0,2.0, Depok,506000000.0
80.0,70.0,3.0,2.0, Depok,980000000.0
80.0,70.0,3.0,2.0, Depok,980000000.0
80.0,70.0,3.0,2.0, Depok,980000000.0
63.0,70.0,3.0,2.0, Depok,846000000.0
93.0,88.0,2.0,1.0, Depok,1170000000.0
93.0,88.0,2.0,1.0, Depok,1170000000.0
84.0,189.0,3.0,3.0, Jakarta Barat,1850000000.0
260.0,387.0,4.0,3.0, Jakarta Barat,6800000000.0
60.0,132.0,3.0,3.0, Jakarta Barat,1650000000.0
89.0,227.0,5.0,4.0, Jakarta Barat,2400000000.0
112.0,160.0,4.0,2.0, Jakarta Barat,3550000000.0
84.0,144.0,5.0,2.0, Jakarta Barat,2400000000.0
120.0,200.0,3.0,2.0, Jakarta Barat,3550000000.0
75.0,150.0,4.0,3.0, Jakarta Barat,2600000000.0
105.0,196.0,4.0,4.0, Jakarta Barat,3700000000.0
64.0,168.0,4.0,3.0, Jakarta Barat,2200000000.0
50.0,128.0,3.0,3.0, Jakarta Barat,2100000000.0
61.0,144.0,3.0,3.0, Jakarta Barat,1800000000.0
225.0,255.0,1.0,1.0, Jakarta Barat,4700000000.0
135.0,250.0,3.0,3.0, Jakarta Barat,3000000000.0
136.0,336.0,10.0,11.0, Jakarta Barat,5500000000.0
198.0,500.0,6.0,2.0, Jakarta Barat,4000000000.0
233.0,315.0,5.0,6.0, Jakarta Barat,6300000000.0
140.0,140.0,3.0,3.0, Jakarta Barat,3000000000.0
64.0,168.0,4.0,3.0, Jakarta Barat,2200000000.0
88.0,200.0,6.0,4.0, Jakarta Barat,2700000000.0
377.0,712.0,4.0,4.0, Jakarta Barat,8490000000.0
75.0,150.0,3.0,3.0, Jakarta Barat,2600000000.0
225.0,255.0,1.0,1.0, Jakarta Barat,4700000000.0
141.0,282.0,1.0,1.0, Jakarta Barat,3950000000.0
282.0,300.0,3.0,3.0, Jakarta Barat,5500000000.0
156.0,123.0,3.0,2.0, Jakarta Barat,3000000000.0
192.0,192.0,1.0,1.0, Jakarta Barat,3350000000.0
258.0,400.0,6.0,5.0, Jakarta Barat,6500000000.0
84.0,189.0,3.0,3.0, Jakarta Barat,1850000000.0
55.0,131.0,4.0,3.0, Jakarta Barat,2300000000.0
378.0,1000.0,5.0,4.0, Jakarta Barat,12000000000.0
36.0,73.0,3.0,3.0, Jakarta Barat,1350000000.0
117.0,150.0,3.0,2.0, Jakarta Barat,2500000000.0
377.0,570.0,4.0,4.0, Jakarta Barat,8500000000.0
80.0,170.0,3.0,3.0, Jakarta Barat,2700000000.0
75.0,150.0,3.0,3.0, Jakarta Barat,2600000000.0
84.0,180.0,3.0,3.0, Jakarta Barat,2500000000.0
136.0,336.0,10.0,11.0, Jakarta Barat,5500000000.0
39.0,110.0,3.0,3.0, Jakarta Barat,1590000000.0
84.0,185.0,3.0,2.0, Jakarta Barat,2400000000.0
102.0,294.0,4.0,5.0, Jakarta Barat,4300000000.0
140.0,210.0,4.0,4.0, Jakarta Barat,3750000000.0
140.0,126.0,3.0,2.0, Jakarta Barat,2750000000.0
168.0,236.0,3.0,3.0, Jakarta Barat,3100000000.0
180.0,168.0,3.0,3.0, Jakarta Barat,3500000000.0
80.0,130.0,3.0,3.0, Jakarta Selatan,1710000000.0
95.0,150.0,4.0,4.0, Jakarta Selatan,1950000000.0
121.0,180.0,4.0,4.0, Jakarta Selatan,2300000000.0
113.0,160.0,4.0,4.0, Jakarta Selatan,2400000000.0
70.0,120.0,3.0,3.0, Jakarta Selatan,1550000000.0
40.0,80.0,2.0,2.0, Jakarta Selatan,695000000.0
110.0,140.0,4.0,4.0, Jakarta Selatan,2640000000.0
168.0,230.0,4.0,4.0, Jakarta Selatan,4500000000.0
110.0,140.0,4.0,4.0, Jakarta Selatan,2640000000.0
95.0,150.0,3.0,3.0, Jakarta Selatan,1950000000.0
97.0,130.0,3.0,3.0, Jakarta Selatan,1450000000.0
112.0,240.0,4.0,4.0, Jakarta Selatan,3700000000.0
125.0,160.0,5.0,5.0, Jakarta Selatan,2000000000.0
210.0,280.0,4.0,4.0, Jakarta Selatan,3200000000.0
96.0,150.0,3.0,3.0, Jakarta Selatan,1950000000.0
96.0,150.0,3.0,3.0, Jakarta Selatan,1950000000.0
78.0,110.0,3.0,3.0, Jakarta Selatan,1650000000.0
110.0,140.0,4.0,4.0, Jakarta Selatan,2640000000.0
5250.0,200.0,4.0,3.0, Jakarta Selatan,63000000000.0
77.0,120.0,3.0,3.0, Jakarta Selatan,1250000000.0
165.0,300.0,5.0,4.0, Jakarta Selatan,5500000000.0
126.0,240.0,5.0,4.0, Jakarta Selatan,2500000000.0
139.0,240.0,5.0,5.0, Jakarta Selatan,3700000000.0
112.0,240.0,4.0,4.0, Jakarta Selatan,3720000000.0
279.0,210.0,3.0,3.0, Jakarta Selatan,4000000000.0
150.0,250.0,4.0,4.0, Jakarta Selatan,2400000000.0
277.0,310.0,3.0,4.0, Jakarta Selatan,4500000000.0
277.0,310.0,3.0,4.0, Jakarta Selatan,4500000000.0
92.0,230.0,4.0,4.0, Jakarta Selatan,2900000000.0
120.0,220.0,4.0,3.0, Jakarta Selatan,2500000000.0
77.0,130.0,4.0,4.0, Jakarta Selatan,1520000000.0
135.0,200.0,4.0,3.0, Jakarta Selatan,3500000000.0
1450.0,910.0,4.0,3.0, Jakarta Selatan,12000000000.0
78.0,120.0,3.0,2.0, Jakarta Selatan,1400000000.0
101.0,260.0,4.0,4.0, Jakarta Selatan,3600000000.0
202.0,300.0,4.0,4.0, Jakarta Selatan,4950000000.0
90.0,150.0,4.0,4.0, Jakarta Selatan,1900000000.0
126.0,160.0,4.0,4.0, Jakarta Selatan,1550000000.0
163.0,380.0,4.0,4.0, Jakarta Selatan,5500000000.0
170.0,169.0,4.0,4.0, Jakarta Selatan,2750000000.0
120.0,165.0,3.0,3.0, Jakarta Selatan,2300000000.0
63.0,100.0,3.0,3.0, Jakarta Selatan,1450000000.0
223.0,320.0,6.0,6.0, Jakarta Selatan,4950000000.0
585.0,480.0,6.0,3.0, Jakarta Selatan,16899999999.999998
60.0,62.0,3.0,2.0, Jakarta Selatan,1300000000.0
600.0,550.0,5.0,3.0, Jakarta Selatan,8900000000.0
60.0,132.0,3.0,3.0, Jakarta Selatan,1680000000.0
60.0,70.0,3.0,2.0, Jakarta Selatan,1290000000.0
216.0,250.0,3.0,2.0, Jakarta Selatan,3500000000.0
373.0,132.0,5.0,3.0, Jakarta Selatan,6000000000.0
264.0,360.0,4.0,4.0, Jakarta Selatan,5750000000.0
433.0,300.0,4.0,3.0, Jakarta Selatan,4000000000.0
300.0,400.0,5.0,3.0, Jakarta Selatan,4800000000.0
128.0,270.0,6.0,6.0, Jakarta Selatan,4000000000.0
118.0,180.0,3.0,3.0, Jakarta Selatan,2700000000.0
1431.0,500.0,6.0,5.0, Jakarta Selatan,14000000000.0
60.0,74.0,3.0,2.0, Jakarta Selatan,949000000.0
450.0,850.0,4.0,4.0, Jakarta Utara,29000000000.0
200.0,400.0,4.0,3.0, Jakarta Utara,7700000000.0
400.0,700.0,4.0,3.0, Jakarta Utara,28000000000.0
450.0,600.0,5.0,3.0, Jakarta Utara,18000000000.0
542.0,1100.0,4.0,4.0, Jakarta Utara,30000000000.0
785.0,839.0,6.0,6.0, Jakarta Utara,25000000000.0
270.0,700.0,6.0,5.0, Jakarta Utara,10000000000.0
377.0,1100.0,7.0,7.0, Jakarta Utara,23000000000.0
300.0,320.0,3.0,3.0, Jakarta Utara,12000000000.0
75.0,98.0,3.0,3.0, Jakarta Utara,2350000000.0
785.0,839.0,6.0,5.0, Jakarta Utara,25000000000.0
100.0,150.0,3.0,3.0, Jakarta Utara,3150000000.0
150.0,160.0,3.0,3.0, Jakarta Utara,5500000000.0
360.0,550.0,4.0,4.0, Jakarta Utara,18000000000.0
216.0,200.0,4.0,4.0, Jakarta Utara,7500000000.0
75.0,100.0,3.0,3.0, Jakarta Utara,2300000000.0
90.0,100.0,3.0,3.0, Jakarta Utara,3000000000.0
120.0,146.0,3.0,3.0, Jakarta Utara,4000000000.0
130.0,182.0,4.0,3.0, Jakarta Utara,5000000000.0
100.0,120.0,3.0,3.0, Jakarta Utara,3150000000.0
640.0,1300.0,6.0,6.0, Jakarta Utara,39000000000.0
578.0,700.0,5.0,5.0, Jakarta Utara,25000000000.0
300.0,500.0,5.0,4.0, Jakarta Utara,25000000000.0
270.0,270.0,5.0,5.0, Jakarta Utara,10000000000.0
180.0,250.0,4.0,3.0, Jakarta Utara,7700000000.0
250.0,300.0,4.0,4.0, Jakarta Utara,12500000000.0
100.0,120.0,3.0,3.0, Jakarta Utara,3150000000.0
363.0,600.0,4.0,4.0, Jakarta Utara,11000000000.0
120.0,150.0,3.0,3.0, Jakarta Utara,4700000000.0
300.0,500.0,5.0,4.0, Jakarta Utara,25000000000.0
270.0,270.0,5.0,5.0, Jakarta Utara,10000000000.0
102.0,160.0,3.0,3.0, Jakarta Utara,4100000000.0
300.0,500.0,5.0,5.0, Jakarta Utara,25000000000.0
45.0,55.0,3.0,2.0, Jakarta Utara,1950000000.0
184.0,200.0,4.0,4.0, Jakarta Utara,8890000000.0
230.0,450.0,4.0,3.0, Jakarta Utara,8900000000.0
300.0,750.0,4.0,4.0, Jakarta Utara,16000000000.0
580.0,700.0,4.0,4.0, Jakarta Utara,25000000000.0
580.0,700.0,4.0,4.0, Jakarta Utara,25000000000.0
270.0,700.0,5.0,5.0, Jakarta Utara,10000000000.0
230.0,450.0,3.0,2.0, Jakarta Utara,11000000000.0
180.0,224.0,4.0,4.0, Jakarta Utara,6750000000.0
225.0,300.0,6.0,4.0, Jakarta Utara,13500000000.0
90.0,120.0,3.0,3.0, Jakarta Utara,3000000000.0
200.0,297.0,3.0,3.0, Jakarta Utara,8300000000.000001
100.0,115.0,3.0,2.0, Jakarta Utara,3100000000.0
45.0,54.0,2.0,2.0, Jakarta Utara,1350000000.0
90.0,119.0,3.0,3.0, Jakarta Utara,2900000000.0
1000.0,2800.0,5.0,5.0, Jakarta Utara,85000000000.0
325.0,885.0,4.0,4.0, Jakarta Utara,32000000000.0
90.0,136.0,3.0,3.0, Jakarta Utara,2900000000.0
290.0,320.0,4.0,5.0, Jakarta Utara,12000000000.0
390.0,500.0,4.0,4.0, Jakarta Utara,18800000000.0
459.0,325.0,4.0,3.0, Jakarta Utara,16500000000.0
455.0,900.0,5.0,5.0, Jakarta Utara,20000000000.0
150.0,209.0,4.0,4.0, Jakarta Utara,4900000000.0
785.0,785.0,5.0,5.0, Jakarta Utara,26000000000.0
216.0,528.0,3.0,3.0, Jakarta Utara,12000000000.0
325.0,600.0,6.0,4.0, Jakarta Utara,17500000000.0
80.0,98.0,3.0,3.0, Jakarta Utara,2350000000.0
520.0,1000.0,4.0,5.0, Jakarta Utara,29000000000.0
290.0,500.0,4.0,3.0, Jakarta Utara,10900000000.0
136.0,300.0,5.0,5.0, Jakarta Utara,6800000000.0
90.0,120.0,3.0,3.0, Jakarta Utara,3000000000.0
180.0,224.0,4.0,4.0, Jakarta Utara,6750000000.0
160.0,200.0,4.0,4.0, Jakarta Utara,5990000000.0
290.0,400.0,4.0,3.0, Jakarta Utara,10800000000.0
785.0,839.0,6.0,5.0, Jakarta Utara,26000000000.0
270.0,600.0,3.0,3.0, Jakarta Utara,13700000000.0
250.0,300.0,3.0,3.0, Jakarta Utara,13000000000.0
520.0,1000.0,4.0,7.0, Jakarta Utara,29000000000.0
250.0,400.0,3.0,3.0, Jakarta Utara,13000000000.0
160.0,200.0,3.0,3.0, Jakarta Utara,5700000000.0
300.0,300.0,4.0,3.0, Jakarta Utara,12500000000.0
377.0,1100.0,7.0,7.0, Jakarta Utara,23000000000.0
120.0,150.0,3.0,2.0, Jakarta Utara,4300000000.0
250.0,600.0,3.0,3.0, Jakarta Utara,13000000000.0
357.0,500.0,4.0,4.0, Jakarta Utara,10500000000.0
120.0,130.0,3.0,3.0, Jakarta Utara,4000000000.0
250.0,330.0,4.0,5.0, Jakarta Utara,12500000000.0
160.0,200.0,3.0,3.0, Jakarta Utara,5700000000.0
160.0,220.0,3.0,3.0, Jakarta Utara,7000000000.0
180.0,300.0,4.0,4.0, Jakarta Utara,8700000000.0
300.0,700.0,4.0,4.0, Jakarta Utara,25000000000.0
60.0,150.0,3.0,3.0, Jakarta Utara,2400000000.0
230.0,360.0,4.0,4.0, Jakarta Utara,10400000000.0
300.0,750.0,5.0,7.0, Jakarta Utara,25000000000.0
200.0,200.0,4.0,3.0, Jakarta Utara,7000000000.0
102.0,120.0,3.0,3.0, Jakarta Utara,4200000000.0
120.0,200.0,3.0,2.0, Jakarta Utara,4750000000.0
144.0,208.0,4.0,3.0, Jakarta Utara,5350000000.0
160.0,300.0,4.0,3.0, Jakarta Utara,6000000000.0
260.0,500.0,3.0,4.0, Jakarta Barat,6900000000.0
204.0,200.0,4.0,2.0, Jakarta Barat,5500000000.0
64.0,140.0,3.0,4.0, Jakarta Barat,1750000000.0
379.0,300.0,4.0,3.0, Jakarta Barat,10500000000.0
600.0,720.0,4.0,3.0, Jakarta Barat,18000000000.0
120.0,200.0,4.0,3.0, Jakarta Barat,3600000000.0
200.0,325.0,3.0,3.0, Jakarta Barat,6000000000.0
140.0,250.0,4.0,3.0, Jakarta Barat,4500000000.0
56.0,150.0,3.0,3.0, Jakarta Barat,1300000000.0
360.0,550.0,4.0,4.0, Jakarta Barat,13800000000.0
144.0,200.0,4.0,3.0, Jakarta Barat,4600000000.0
150.0,200.0,6.0,5.0, Jakarta Barat,3200000000.0
117.0,177.0,4.0,3.0, Jakarta Barat,2600000000.0
97.0,120.0,3.0,2.0, Jakarta Barat,2340000000.0
97.0,120.0,3.0,2.0, Jakarta Barat,2340000000.0
160.0,250.0,4.0,3.0, Jakarta Barat,4200000000.0
97.0,120.0,3.0,2.0, Jakarta Barat,2340000000.0
175.0,185.0,2.0,2.0, Jakarta Selatan,6250000000.0
1295.0,600.0,9.0,9.0, Jakarta Selatan,40000000000.0
195.0,350.0,3.0,3.0, Jakarta Selatan,5900000000.0
588.0,823.0,5.0,4.0, Jakarta Selatan,13500000000.0
64.0,140.0,3.0,4.0, Jakarta Barat,1750000000.0
80.0,110.0,3.0,3.0, Jakarta Barat,1880000000.0
125.0,140.0,3.0,3.0, Jakarta Barat,2200000000.0
150.0,165.0,4.0,2.0, Jakarta Barat,2850000000.0
80.0,110.0,3.0,3.0, Jakarta Barat,1880000000.0
125.0,140.0,3.0,3.0, Jakarta Barat,2200000000.0
125.0,186.0,3.0,3.0, Jakarta Barat,2500000000.0
250.0,340.0,3.0,4.0, Jakarta Barat,2550000000.0
125.0,150.0,3.0,3.0, Jakarta Barat,2300000000.0
125.0,150.0,3.0,3.0, Jakarta Barat,2300000000.0
60.0,85.0,3.0,3.0, Jakarta Barat,1550000000.0
80.0,120.0,3.0,3.0, Jakarta Barat,1850000000.0
125.0,150.0,3.0,3.0, Jakarta Barat,2150000000.0
80.0,120.0,3.0,3.0, Jakarta Barat,1850000000.0
125.0,150.0,3.0,3.0, Jakarta Barat,2150000000.0
125.0,150.0,3.0,3.0, Jakarta Barat,2300000000.0
125.0,150.0,3.0,3.0, Jakarta Barat,2300000000.0
250.0,239.0,4.0,3.0, Jakarta Barat,3200000000.0
125.0,149.0,3.0,3.0, Jakarta Barat,1950000000.0
18.0,35.0,2.0,1.0, Jakarta Timur,408000000.0
17.0,33.0,2.0,1.0, Jakarta Timur,495000000.0
18.0,35.0,2.0,1.0, Jakarta Timur,418000000.0
17.0,33.0,2.0,1.0, Jakarta Timur,495000000.0
15.0,28.0,1.0,1.0, Jakarta Timur,330000000.0
18.0,35.0,2.0,1.0, Jakarta Timur,418000000.0
18.0,33.0,2.0,2.0, Jakarta Timur,418000000.0
60.0,87.0,2.0,2.0, Jakarta Barat,1400000000.0
120.0,120.0,3.0,3.0, Jakarta Barat,2900000000.0
180.0,250.0,4.0,3.0, Jakarta Barat,5400000000.0
120.0,120.0,3.0,3.0, Jakarta Barat,2900000000.0
180.0,250.0,4.0,3.0, Jakarta Barat,5400000000.0
128.0,156.0,3.0,4.0, Jakarta Barat,3200000000.0
90.0,100.0,3.0,2.0, Jakarta Barat,2200000000.0
200.0,400.0,4.0,3.0, Jakarta Barat,5000000000.0
90.0,120.0,3.0,3.0, Jakarta Barat,2400000000.0
108.0,156.0,3.0,3.0, Jakarta Barat,3000000000.0
144.0,200.0,3.0,3.0, Jakarta Barat,4300000000.0
90.0,120.0,2.0,3.0, Jakarta Barat,2700000000.0
90.0,110.0,3.0,3.0, Jakarta Barat,2400000000.0
162.0,200.0,3.0,3.0, Jakarta Barat,3950000000.0
144.0,147.0,4.0,3.0, Jakarta Barat,3300000000.0
144.0,147.0,3.0,4.0, Jakarta Barat,3300000000.0
200.0,211.0,3.0,2.0, Jakarta Barat,3100000000.0
48.0,76.0,2.0,2.0, Jakarta Barat,1180000000.0
114.0,110.0,3.0,2.0, Jakarta Barat,2350000000.0
210.0,150.0,5.0,3.0, Jakarta Selatan,4900000000.0
216.0,241.0,4.0,3.0, Jakarta Selatan,3200000000.0
75.0,67.0,2.0,2.0, Jakarta Timur,1600000000.0
180.0,100.0,3.0,2.0, Jakarta Timur,2450000000.0
180.0,115.0,3.0,3.0, Jakarta Timur,2520000000.0
77.0,88.0,3.0,2.0, Jakarta Timur,1400000000.0
180.0,115.0,3.0,3.0, Jakarta Timur,2520000000.0
77.0,88.0,3.0,2.0, Jakarta Timur,1400000000.0
180.0,115.0,3.0,3.0, Jakarta Timur,2520000000.0
105.0,85.0,3.0,2.0, Jakarta Timur,2000000000.0
69.0,74.0,3.0,3.0, Jakarta Timur,1550000000.0
112.0,112.0,3.0,3.0, Jakarta Timur,2600000000.0
85.0,60.0,2.0,2.0, Jakarta Timur,1700000000.0
75.0,90.0,3.0,2.0, Jakarta Timur,1050000000.0
90.0,93.0,2.0,2.0, Jakarta Timur,2350000000.0
98.0,115.0,3.0,4.0, Jakarta Timur,2540000000.0
105.0,105.0,3.0,2.0, Jakarta Timur,2000000000.0
1287.0,550.0,4.0,3.0, Jakarta Selatan,23100000000.0
336.0,250.0,4.0,3.0, Jakarta Selatan,7390000000.0
110.0,220.0,3.0,3.0, Jakarta Selatan,4100000000.0
575.0,264.0,4.0,3.0, Jakarta Selatan,8050000000.000001
575.0,264.0,4.0,3.0, Jakarta Selatan,8050000000.000001
786.0,450.0,4.0,4.0, Jakarta Selatan,21000000000.0
144.0,373.0,4.0,3.0, Jakarta Selatan,5900000000.0
150.0,200.0,4.0,2.0, Jakarta Selatan,2600000000.0
1300.0,500.0,7.0,5.0, Jakarta Selatan,24900000000.0
212.0,175.0,3.0,2.0, Jakarta Selatan,6250000000.0
900.0,700.0,21.0,21.0, Jakarta Selatan,26000000000.0
915.0,600.0,20.0,20.0, Jakarta Selatan,26000000000.0
1189.0,600.0,4.0,4.0, Jakarta Selatan,25000000000.0
465.0,500.0,5.0,4.0, Jakarta Selatan,18500000000.0
240.0,250.0,4.0,2.0, Jakarta Selatan,8500000000.0
1479.0,1000.0,4.0,5.0, Jakarta Selatan,106000000000.0
522.0,900.0,4.0,4.0, Jakarta Selatan,40000000000.0
597.0,350.0,5.0,2.0, Jakarta Selatan,32000000000.0
532.0,408.0,4.0,3.0, Jakarta Selatan,25000000000.0
1305.0,1200.0,6.0,7.0, Jakarta Selatan,175000000000.0
270.0,282.0,4.0,3.0, Jakarta Selatan,2800000000.0
277.0,452.0,4.0,3.0, Jakarta Selatan,10000000000.0
204.0,320.0,4.0,2.0, Jakarta Selatan,6600000000.0
452.0,400.0,4.0,5.0, Jakarta Selatan,35000000000.0
285.0,350.0,6.0,3.0, Jakarta Selatan,17000000000.0
285.0,350.0,6.0,3.0, Jakarta Selatan,17000000000.0
200.0,180.0,3.0,2.0, Jakarta Selatan,9750000000.0
725.0,350.0,4.0,4.0, Jakarta Selatan,17500000000.0
392.0,350.0,4.0,3.0, Jakarta Selatan,13500000000.0
350.0,250.0,3.0,3.0, Jakarta Selatan,15000000000.0
320.0,250.0,4.0,4.0, Jakarta Selatan,7800000000.0
500.0,620.0,12.0,7.0, Jakarta Selatan,15000000000.0
163.0,255.0,5.0,5.0, Jakarta Selatan,5200000000.0
2050.0,1500.0,12.0,12.0, Jakarta Selatan,55000000000.0
855.0,352.0,5.0,3.0, Jakarta Selatan,25000000000.0
973.0,1100.0,4.0,4.0, Jakarta Selatan,23000000000.0
886.0,1200.0,5.0,5.0, Jakarta Selatan,35000000000.0
348.0,400.0,3.0,3.0, Jakarta Selatan,16000000000.0
230.0,550.0,5.0,5.0, Jakarta Selatan,10500000000.0
506.0,350.0,4.0,4.0, Jakarta Selatan,13000000000.0
1197.0,500.0,4.0,3.0, Jakarta Selatan,20900000000.0
404.0,350.0,3.0,3.0, Jakarta Selatan,14300000000.0
1080.0,400.0,4.0,3.0, Jakarta Selatan,13500000000.0
460.0,550.0,4.0,3.0, Jakarta Selatan,13000000000.0
320.0,250.0,4.0,4.0, Jakarta Selatan,8300000000.000001
200.0,250.0,4.0,3.0, Jakarta Selatan,6800000000.0
552.0,200.0,4.0,3.0, Jakarta Selatan,9500000000.0
207.0,360.0,4.0,4.0, Jakarta Selatan,8700000000.0
315.0,600.0,3.0,3.0, Jakarta Selatan,9900000000.0
1592.0,938.0,4.0,2.0, Jakarta Selatan,40000000000.0
738.0,950.0,4.0,4.0, Jakarta Selatan,19900000000.0
980.0,500.0,3.0,3.0, Jakarta Selatan,25000000000.0
1050.0,550.0,5.0,4.0, Jakarta Selatan,17500000000.0
251.0,300.0,4.0,4.0, Jakarta Selatan,8650000000.0
1100.0,700.0,4.0,3.0, Jakarta Selatan,34000000000.0
260.0,500.0,4.0,4.0, Jakarta Selatan,14000000000.0
1000.0,600.0,4.0,4.0, Jakarta Selatan,35000000000.0
1270.0,800.0,5.0,5.0, Jakarta Selatan,27000000000.0
700.0,350.0,4.0,4.0, Jakarta Selatan,17000000000.0
1080.0,500.0,6.0,4.0, Jakarta Selatan,21000000000.0
662.0,405.0,4.0,4.0, Jakarta Selatan,19700000000.0
980.0,500.0,3.0,3.0, Jakarta Selatan,25000000000.0
260.0,450.0,4.0,5.0, Jakarta Selatan,14000000000.0
240.0,280.0,3.0,3.0, Jakarta Selatan,3200000000.0
150.0,200.0,4.0,3.0, Jakarta Selatan,2520000000.0
600.0,325.0,6.0,3.0, Jakarta Pusat,14000000000.0
23.0,43.0,2.0,2.0, Jakarta Pusat,506000000.0
36.0,68.0,3.0,2.0, Jakarta Pusat,1470000000.0
163.0,250.0,3.0,3.0, Jakarta Pusat,3800000000.0
36.0,64.0,3.0,2.0, Jakarta Pusat,1300000000.0
23.0,43.0,2.0,2.0, Jakarta Pusat,506000000.0
36.0,68.0,3.0,2.0, Jakarta Pusat,1470000000.0
36.0,69.0,2.0,2.0, Jakarta Pusat,1480000000.0
300.0,425.0,5.0,5.0, Jakarta Pusat,7000000000.0
1010.0,1200.0,4.0,4.0, Jakarta Pusat,24000000000.0
1010.0,1200.0,4.0,4.0, Jakarta Pusat,24000000000.0
560.0,600.0,5.0,4.0, Jakarta Pusat,17500000000.0
280.0,550.0,4.0,4.0, Jakarta Pusat,8900000000.0
464.0,640.0,4.0,4.0, Jakarta Selatan,13900000000.0
740.0,340.0,4.0,4.0, Jakarta Selatan,15500000000.0
740.0,340.0,4.0,4.0, Jakarta Selatan,15500000000.0
260.0,345.0,4.0,4.0, Jakarta Selatan,10500000000.0
632.0,500.0,4.0,4.0, Jakarta Selatan,16000000000.0
3475.0,1440.0,12.0,12.0, Jakarta Selatan,45100000000.0
997.0,500.0,4.0,4.0, Jakarta Selatan,16000000000.0
3475.0,1440.0,12.0,12.0, Jakarta Selatan,45100000000.0
928.0,600.0,5.0,5.0, Jakarta Selatan,13000000000.0
732.0,500.0,4.0,4.0, Jakarta Selatan,16000000000.0
928.0,600.0,5.0,5.0, Jakarta Selatan,13000000000.0
732.0,500.0,4.0,2.0, Jakarta Selatan,16000000000.0
144.0,200.0,3.0,3.0, Jakarta Barat,4800000000.0
265.0,645.0,7.0,4.0, Jakarta Barat,7100000000.0
144.0,300.0,4.0,3.0, Jakarta Barat,6200000000.0
230.0,450.0,4.0,3.0, Jakarta Barat,13500000000.0
144.0,220.0,3.0,3.0, Jakarta Barat,4900000000.0
180.0,250.0,5.0,3.0, Jakarta Barat,7190000000.0
144.0,400.0,4.0,3.0, Jakarta Barat,6500000000.0
136.0,200.0,4.0,3.0, Jakarta Barat,3990000000.0
230.0,450.0,4.0,3.0, Jakarta Barat,13500000000.0
160.0,240.0,4.0,3.0, Jakarta Barat,5100000000.0
144.0,400.0,4.0,3.0, Jakarta Barat,6500000000.0
150.0,200.0,3.0,3.0, Jakarta Barat,5200000000.0
144.0,250.0,3.0,2.0, Jakarta Barat,4900000000.0
300.0,450.0,3.0,3.0, Jakarta Barat,16500000000.0
200.0,700.0,4.0,3.0, Jakarta Barat,12500000000.0
180.0,350.0,4.0,3.0, Jakarta Barat,7200000000.0
200.0,200.0,4.0,2.0, Jakarta Barat,4600000000.0
144.0,300.0,5.0,4.0, Jakarta Barat,4850000000.0
200.0,300.0,4.0,4.0, Jakarta Barat,5200000000.0
136.0,200.0,3.0,3.0, Jakarta Barat,3990000000.0
120.0,350.0,4.0,3.0, Jakarta Barat,6000000000.0
250.0,370.0,4.0,3.0, Jakarta Barat,8000000000.0
144.0,250.0,4.0,3.0, Jakarta Barat,5000000000.0
144.0,500.0,4.0,4.0, Jakarta Barat,6500000000.0
144.0,300.0,4.0,4.0, Jakarta Barat,4850000000.0
136.0,180.0,4.0,3.0, Jakarta Barat,3990000000.0
144.0,250.0,5.0,3.0, Jakarta Barat,4500000000.0
52.0,71.0,3.0,3.0, Jakarta Barat,800000000.0
33.0,62.0,2.0,2.0, Jakarta Barat,1150000000.0
33.0,62.0,2.0,3.0, Jakarta Barat,1150000000.0
40.0,71.0,2.0,2.0, Jakarta Barat,1500000000.0
560.0,1200.0,4.0,4.0, Jakarta Utara,22500000000.0
550.0,1200.0,4.0,4.0, Jakarta Utara,22500000000.0
560.0,1200.0,4.0,4.0, Jakarta Utara,22500000000.0
700.0,1030.0,4.0,3.0, Jakarta Utara,21000000000.0
2700.0,5000.0,7.0,8.0, Jakarta Utara,108000000000.0
752.0,3000.0,5.0,4.0, Jakarta Utara,55000000000.0
90.0,108.0,3.0,2.0, Jakarta Barat,2400000000.0
90.0,108.0,3.0,2.0, Jakarta Barat,2400000000.0
150.0,250.0,4.0,4.0, Jakarta Barat,4700000000.0
120.0,200.0,4.0,4.0, Jakarta Barat,3390000000.0
150.0,280.0,4.0,3.0, Jakarta Barat,4700000000.0
120.0,160.0,3.0,2.0, Jakarta Barat,3500000000.0
120.0,200.0,4.0,3.0, Jakarta Barat,3350000000.0
144.0,208.0,4.0,3.0, Jakarta Barat,3800000000.0
33.0,100.0,3.0,3.0, Jakarta Barat,1270000000.0
55.0,120.0,3.0,2.0, Jakarta Barat,1450000000.0
56.0,105.0,2.0,2.0, Jakarta Barat,1800000000.0
120.0,240.0,4.0,4.0, Jakarta Utara,4500000000.0
425.0,500.0,4.0,3.0, Jakarta Barat,15000000000.0
747.0,1000.0,6.0,7.0, Jakarta Barat,26000000000.0
652.0,526.0,7.0,4.0, Jakarta Barat,15900000000.0
425.0,410.0,4.0,3.0, Jakarta Barat,15000000000.0
144.0,250.0,4.0,3.0, Jakarta Barat,5500000000.0
950.0,1500.0,4.0,4.0, Jakarta Pusat,110000000000.0
660.0,800.0,4.0,4.0, Jakarta Pusat,50000000000.0
1225.0,800.0,6.0,6.0, Jakarta Pusat,100000000000.0
474.0,1200.0,4.0,5.0, Jakarta Pusat,69000000000.0
475.0,1200.0,4.0,4.0, Jakarta Pusat,69000000000.0
519.0,470.0,5.0,4.0, Jakarta Pusat,43000000000.0
909.0,500.0,3.0,3.0, Jakarta Pusat,54500000000.0
733.0,548.0,7.0,8.0, Jakarta Pusat,45000000000.0
733.0,548.0,7.0,8.0, Jakarta Pusat,45000000000.0
100.0,135.0,3.0,3.0, Jakarta Timur,2600000000.0
135.0,200.0,3.0,2.0, Jakarta Timur,3300000000.0
90.0,135.0,4.0,4.0, Jakarta Timur,2500000000.0
37.0,57.0,3.0,3.0, Jakarta Timur,709000000.0
100.0,135.0,3.0,3.0, Jakarta Timur,2600000000.0
37.0,57.0,3.0,3.0, Jakarta Timur,709000000.0
132.0,88.0,3.0,2.0, Jakarta Timur,2100000000.0
100.0,130.0,3.0,3.0, Jakarta Timur,2600000000.0
56.0,87.0,3.0,3.0, Jakarta Timur,2000000000.0
35.0,69.0,2.0,2.0, Jakarta Timur,1080000000.0
179.0,230.0,4.0,3.0, Jakarta Timur,3000000000.0
36.0,66.0,3.0,3.0, Jakarta Timur,1270000000.0
210.0,180.0,3.0,3.0, Jakarta Timur,3100000000.0
386.0,1000.0,4.0,3.0, Jakarta Utara,19000000000.0
386.0,1000.0,4.0,3.0, Jakarta Utara,19000000000.0
180.0,240.0,4.0,3.0, Jakarta Utara,5900000000.0
507.0,804.0,4.0,4.0, Jakarta Utara,19800000000.0
120.0,168.0,3.0,3.0, Jakarta Utara,7000000000.0
21.0,42.0,2.0,2.0, Jakarta Utara,440000000.0
513.0,625.0,5.0,4.0, Jakarta Utara,18000000000.0
513.0,800.0,4.0,4.0, Jakarta Utara,19000000000.0
450.0,1000.0,6.0,5.0, Jakarta Utara,28000000000.0
400.0,1000.0,4.0,3.0, Jakarta Utara,19000000000.0
390.0,750.0,4.0,3.0, Jakarta Utara,11000000000.0
220.0,225.0,3.0,2.0, Jakarta Utara,5600000000.0
36.0,60.0,2.0,2.0, Jakarta Timur,640000000.0
58.0,90.0,2.0,3.0, Jakarta Timur,2090000000.0
36.0,71.0,3.0,3.0, Jakarta Timur,1140000000.0
76.0,90.0,3.0,3.0, Jakarta Timur,2090000000.0
44.0,90.0,2.0,2.0, Jakarta Timur,935000000.0
300.0,175.0,4.0,4.0, Jakarta Timur,7800000000.0
36.0,71.0,2.0,2.0, Jakarta Timur,1140000000.0
153.0,180.0,5.0,4.0, Jakarta Timur,4550000000.0
160.0,300.0,5.0,3.0, Jakarta Barat,1880000000.0
140.0,355.0,4.0,3.0, Jakarta Selatan,5000000000.0
173.0,337.0,4.0,3.0, Jakarta Selatan,5200000000.0
173.0,337.0,4.0,3.0, Jakarta Selatan,5200000000.0
171.0,337.0,4.0,3.0, Jakarta Selatan,5000000000.0
504.0,264.0,4.0,3.0, Jakarta Selatan,13700000000.0
37.0,68.0,3.0,3.0, Jakarta Timur,780000000.0
37.0,68.0,3.0,3.0, Jakarta Timur,780000000.0
39.0,63.0,3.0,3.0, Jakarta Timur,858000000.0
37.0,68.0,3.0,3.0, Jakarta Timur,780000000.0
56.0,87.0,3.0,3.0, Jakarta Timur,1900000000.0
39.0,56.0,2.0,2.0, Jakarta Timur,1100000000.0
39.0,63.0,3.0,3.0, Jakarta Timur,858000000.0
32.0,63.0,2.0,2.0, Jakarta Timur,783000000.0
39.0,63.0,2.0,2.0, Jakarta Timur,859000000.0
400.0,625.0,4.0,4.0, Jakarta Timur,10000000000.0
19.0,37.0,2.0,2.0, Jakarta Timur,443000000.0
33.0,60.0,2.0,2.0, Jakarta Timur,780000000.0
850.0,854.0,6.0,5.0, Jakarta Selatan,21900000000.0
4260.0,2191.0,6.0,7.0, Jakarta Selatan,250000000000.0
247.0,330.0,4.0,3.0, Jakarta Selatan,9500000000.0
250.0,300.0,5.0,3.0, Jakarta Selatan,10700000000.0
120.0,288.0,3.0,2.0, Jakarta Selatan,4650000000.0
517.0,2417.0,50.0,50.0, Jakarta Selatan,30000000000.0
425.0,550.0,5.0,4.0, Jakarta Selatan,22000000000.0
480.0,480.0,4.0,3.0, Jakarta Selatan,16000000000.0
307.0,400.0,4.0,4.0, Jakarta Selatan,12000000000.0
200.0,400.0,4.0,4.0, Jakarta Selatan,14000000000.0
1900.0,850.0,5.0,6.0, Jakarta Selatan,150000000000.0
199.0,400.0,4.0,3.0, Jakarta Selatan,14000000000.0
22.0,42.0,2.0,2.0, Jakarta Barat,562000000.0
22.0,42.0,2.0,2.0, Jakarta Barat,528000000.0
22.0,42.0,2.0,2.0, Jakarta Barat,562000000.0
22.0,42.0,2.0,2.0, Jakarta Barat,528000000.0
22.0,42.0,2.0,2.0, Jakarta Barat,562000000.0
34.0,67.0,3.0,3.0, Jakarta Barat,921000000.0
32.0,62.0,2.0,2.0, Jakarta Barat,869000000.0
34.0,67.0,3.0,2.0, Jakarta Barat,998000000.0
34.0,67.0,2.0,2.0, Jakarta Barat,920000000.0
97.0,120.0,3.0,2.0, Jakarta Barat,2340000000.0
34.0,66.0,2.0,2.0, Jakarta Barat,895000000.0
300.0,450.0,4.0,3.0, Jakarta Utara,9000000000.0
300.0,346.0,4.0,4.0, Jakarta Utara,8500000000.0
190.0,225.0,3.0,3.0, Jakarta Utara,5700000000.0
33.0,68.0,2.0,2.0, Jakarta Timur,782000000.0
33.0,68.0,2.0,2.0, Jakarta Timur,782000000.0
44.0,90.0,2.0,2.0, Jakarta Timur,1000000000.0
108.0,160.0,4.0,2.0, Jakarta Timur,2200000000.0
180.0,115.0,3.0,3.0, Jakarta Timur,2520000000.0
457.0,800.0,8.0,6.0, Jakarta Timur,8000000000.0
98.0,92.0,3.0,3.0, Jakarta Timur,2000000000.0
98.0,92.0,3.0,3.0, Jakarta Timur,2000000000.0
200.0,500.0,4.0,4.0, Jakarta Selatan,25000000000.0
200.0,500.0,4.0,4.0, Jakarta Selatan,25000000000.0
200.0,500.0,4.0,4.0, Jakarta Selatan,25000000000.0
1305.0,1500.0,5.0,5.0, Jakarta Selatan,175000000000.0
552.0,900.0,4.0,3.0, Jakarta Selatan,40000000000.0
32.0,56.0,2.0,1.0, Jakarta Timur,764000000.0
25.0,37.0,2.0,2.0, Jakarta Timur,485000000.0
32.0,56.0,2.0,1.0, Jakarta Timur,764000000.0
25.0,37.0,2.0,2.0, Jakarta Timur,485000000.0
30.0,56.0,2.0,2.0, Jakarta Timur,762000000.0
30.0,56.0,2.0,2.0, Jakarta Timur,762000000.0
16.0,38.0,2.0,1.0, Jakarta Timur,389000000.0
30.0,60.0,2.0,2.0, Jakarta Timur,625000000.0
22.0,40.0,2.0,2.0, Jakarta Pusat,477000000.0
22.0,40.0,2.0,2.0, Jakarta Pusat,477000000.0
22.0,40.0,2.0,2.0, Jakarta Pusat,477000000.0
22.0,40.0,2.0,2.0, Jakarta Pusat,477000000.0
31.0,44.0,2.0,2.0, Jakarta Pusat,599000000.0
27.0,42.0,2.0,2.0, Jakarta Pusat,534000000.0
23.0,43.0,2.0,2.0, Jakarta Pusat,500000000.0
27.0,42.0,2.0,2.0, Jakarta Pusat,444000000.0
517.0,353.0,4.0,2.0, Jakarta Pusat,50000000000.0
247.0,606.0,4.0,4.0, Jakarta Selatan,11200000000.0
122.0,172.0,4.0,4.0, Jakarta Selatan,3000000000.0
300.0,325.0,4.0,2.0, Jakarta Selatan,4800000000.0
67.0,150.0,3.0,3.0, Jakarta Selatan,1900000000.0
477.0,550.0,6.0,6.0, Jakarta Selatan,12000000000.0
152.0,186.0,4.0,3.0, Jakarta Selatan,4190000000.000001
152.0,186.0,4.0,3.0, Jakarta Selatan,4190000000.000001
162.0,186.0,4.0,3.0, Jakarta Selatan,4400000000.0
169.0,220.0,4.0,2.0, Jakarta Selatan,2400000000.0
203.0,203.0,4.0,4.0, Jakarta Selatan,7900000000.0
1592.0,938.0,4.0,4.0, Jakarta Selatan,40000000000.0
1195.0,950.0,20.0,20.0, Jakarta Selatan,27000000000.0
90.0,150.0,3.0,3.0, Jakarta Selatan,1900000000.0
110.0,140.0,4.0,4.0, Jakarta Selatan,2640000000.0
92.0,150.0,3.0,3.0, Jakarta Selatan,1950000000.0
53.0,100.0,3.0,3.0, Jakarta Selatan,1050000000.0
180.0,300.0,4.0,3.0, Jakarta Selatan,4800000000.0
126.0,150.0,4.0,4.0, Jakarta Selatan,2700000000.0
167.0,404.0,5.0,4.0, Jakarta Selatan,6700000000.0
116.0,170.0,4.0,4.0, Jakarta Selatan,2900000000.0
114.0,150.0,3.0,3.0, Jakarta Selatan,2850000000.0
101.0,150.0,4.0,4.0, Jakarta Selatan,2550000000.0
286.0,400.0,6.0,4.0, Jakarta Selatan,7000000000.0
624.0,450.0,5.0,4.0, Jakarta Selatan,10500000000.0
329.0,560.0,4.0,4.0, Jakarta Selatan,7500000000.0
72.0,52.0,3.0,1.0, Jakarta Selatan,595000000.0
80.0,84.0,3.0,3.0, Jakarta Selatan,1400000000.0
300.0,700.0,5.0,5.0, Jakarta Selatan,7000000000.0
350.0,250.0,3.0,2.0, Jakarta Selatan,5750000000.0
350.0,190.0,4.0,2.0, Jakarta Selatan,5250000000.0
94.0,130.0,3.0,3.0, Jakarta Timur,1550000000.0
69.0,65.0,3.0,3.0, Jakarta Timur,920000000.0
1000.0,800.0,8.0,4.0, Jakarta Selatan,12900000000.0
109.0,200.0,4.0,3.0, Jakarta Selatan,3650000000.0
104.0,126.0,3.0,2.0, Jakarta Selatan,3650000000.0
94.0,200.0,4.0,4.0, Jakarta Selatan,3450000000.0
94.0,200.0,4.0,3.0, Jakarta Selatan,3450000000.0
348.0,260.0,4.0,3.0, Jakarta Selatan,4500000000.0
375.0,500.0,5.0,5.0, Jakarta Selatan,18500000000.0
109.0,200.0,4.0,3.0, Jakarta Selatan,3650000000.0
127.0,142.0,3.0,3.0, Jakarta Selatan,3650000000.0
500.0,550.0,5.0,6.0, Jakarta Selatan,15000000000.0
400.0,700.0,4.0,4.0, Jakarta Selatan,19500000000.0
79.0,120.0,3.0,3.0, Jakarta Selatan,1970000000.0
1230.0,450.0,3.0,3.0, Jakarta Selatan,15000000000.0
600.0,400.0,5.0,4.0, Jakarta Selatan,16000000000.0
275.0,300.0,5.0,4.0, Jakarta Selatan,9500000000.0
154.0,350.0,6.0,5.0, Jakarta Selatan,5000000000.0
275.0,250.0,4.0,2.0, Jakarta Selatan,6100000000.0
325.0,186.0,3.0,2.0, Jakarta Barat,7500000000.0
160.0,300.0,4.0,2.0, Jakarta Utara,5000000000.0
200.0,660.0,3.0,3.0, Jakarta Utara,10500000000.0
325.0,750.0,5.0,5.0, Jakarta Utara,9000000000.0
530.0,700.0,4.0,4.0, Jakarta Utara,18000000000.0
200.0,150.0,3.0,3.0, Jakarta Utara,4700000000.0
20.0,37.0,2.0,1.0, Jakarta Pusat,451000000.0
21.0,40.0,2.0,1.0, Jakarta Pusat,568000000.0
346.0,300.0,4.0,4.0, Jakarta Barat,8500000000.0
62.0,70.0,3.0,2.0, Jakarta Timur,700000000.0
85.0,80.0,3.0,2.0, Jakarta Timur,1280000000.0
74.0,69.0,3.0,2.0, Jakarta Timur,900000000.0
475.0,420.0,4.0,4.0, Jakarta Timur,4200000000.0
120.0,150.0,3.0,3.0, Jakarta Barat,3600000000.0
200.0,450.0,3.0,3.0, Jakarta Barat,4500000000.0
220.0,270.0,4.0,4.0, Jakarta Barat,3750000000.0
120.0,131.0,3.0,3.0, Jakarta Barat,3700000000.0
206.0,120.0,5.0,2.0, Jakarta Timur,3000000000.0
216.0,231.0,4.0,4.0, Jakarta Timur,3200000000.0
171.0,250.0,3.0,3.0, Jakarta Timur,2700000000.0
106.0,150.0,3.0,3.0, Jakarta Timur,2400000000.0
180.0,115.0,3.0,3.0, Jakarta Timur,2520000000.0
66.0,110.0,3.0,2.0, Jakarta Timur,1500000000.0
97.0,120.0,3.0,2.0, Jakarta Barat,2340000000.0
78.0,100.0,2.0,1.0, Jakarta Barat,1100000000.0
65.0,135.0,3.0,3.0, Jakarta Barat,1900000000.0
212.0,450.0,6.0,8.0, Jakarta Barat,8800000000.0
68.0,50.0,3.0,1.0, Jakarta Barat,1100000000.0
42.0,120.0,4.0,3.0, Jakarta Barat,1500000000.0
90.0,120.0,3.0,2.0, Jakarta Barat,1450000000.0
128.0,275.0,4.0,3.0, Jakarta Barat,4500000000.0
150.0,200.0,3.0,3.0, Jakarta Barat,4600000000.0
240.0,250.0,4.0,3.0, Jakarta Barat,5000000000.0
72.0,100.0,3.0,2.0, Jakarta Barat,1500000000.0
255.0,270.0,4.0,3.0, Jakarta Barat,5700000000.0
264.0,359.0,3.0,3.0, Jakarta Barat,5500000000.0
240.0,400.0,4.0,4.0, Jakarta Barat,9000000000.0
160.0,240.0,2.0,3.0, Jakarta Barat,4200000000.0
24.0,44.0,2.0,1.0, Jakarta Utara,525000000.0
21.0,33.0,2.0,1.0, Jakarta Utara,475000000.0
22.0,40.0,2.0,2.0, Jakarta Pusat,477000000.0
22.0,40.0,2.0,2.0, Jakarta Pusat,477000000.0
1076.0,120.0,5.0,3.0, Jakarta Barat,82800000000.0
144.0,220.0,5.0,3.0, Jakarta Barat,2750000000.0
144.0,220.0,5.0,3.0, Jakarta Barat,2750000000.0
74.0,150.0,3.0,3.0, Jakarta Timur,2500000000.0
193.0,370.0,4.0,4.0, Jakarta Timur,3800000000.0
71.0,60.0,3.0,2.0, Jakarta Timur,1300000000.0
55.0,65.0,2.0,2.0, Jakarta Barat,1100000000.0
512.0,700.0,6.0,7.0, Jakarta Selatan,16000000000.0
491.0,1500.0,57.0,57.0, Jakarta Selatan,11800000000.0
133.0,180.0,4.0,2.0, Jakarta Selatan,1500000000.0
376.0,500.0,5.0,6.0, Jakarta Pusat,17500000000.0
145.0,125.0,4.0,3.0, Jakarta Timur,2550000000.0
90.0,100.0,3.0,2.0, Jakarta Barat,2050000000.0
34.0,64.0,2.0,2.0, Jakarta Utara,725000000.0
56.0,70.0,3.0,2.0, Jakarta Timur,1050000000.0
56.0,70.0,3.0,2.0, Jakarta Timur,1050000000.0
510.0,500.0,12.0,13.0, Jakarta Selatan,14500000000.0
69.0,60.0,3.0,2.0, Jakarta Timur,919000000.0
45.0,90.0,2.0,3.0, Jakarta Barat,1500000000.0
110.0,220.0,2.0,3.0, Jakarta Barat,2300000000.0
96.0,215.0,5.0,4.0, Jakarta Barat,3200000000.0
150.0,146.0,3.0,2.0, Jakarta Barat,2500000000.0
954.0,1797.0,8.0,8.0, Jakarta Selatan,85000000000.0
1211.0,362.0,5.0,4.0, Jakarta Selatan,25000000000.0
196.0,156.0,3.0,2.0, Jakarta Barat,3800000000.0
600.0,600.0,5.0,5.0, Jakarta Barat,15000000000.0
370.0,400.0,5.0,4.0, Jakarta Barat,7500000000.0
144.0,200.0,4.0,3.0, Jakarta Barat,3480000000.0
1020.0,350.0,6.0,3.0, Jakarta Selatan,15500000000.0
208.0,250.0,4.0,3.0, Jakarta Selatan,3950000000.0
661.0,450.0,11.0,6.0, Jakarta Selatan,18500000000.0
313.0,450.0,5.0,5.0, Jakarta Selatan,13800000000.0
401.0,400.0,4.0,5.0, Jakarta Selatan,12000000000.0
540.0,814.0,10.0,10.0, Jakarta Selatan,22000000000.0
530.0,610.0,4.0,3.0, Jakarta Selatan,23000000000.0
530.0,600.0,4.0,3.0, Jakarta Selatan,23000000000.0
680.0,1200.0,5.0,5.0, Jakarta Selatan,70000000000.0
245.0,268.0,4.0,4.0, Jakarta Selatan,21500000000.0
162.0,200.0,4.0,3.0, Jakarta Barat,4500000000.0
255.0,585.0,6.0,6.0, Jakarta Barat,11000000000.0
248.0,188.0,3.0,3.0, Jakarta Barat,3800000000.0
105.0,150.0,3.0,3.0, Jakarta Barat,2500000000.0
475.0,350.0,6.0,4.0, Jakarta Selatan,11000000000.0
475.0,350.0,5.0,5.0, Jakarta Selatan,11000000000.0
769.0,590.0,6.0,4.0, Jakarta Selatan,15000000000.0
121.0,120.0,3.0,1.0, Jakarta Selatan,3770000000.0
438.0,298.0,5.0,3.0, Jakarta Selatan,13500000000.0
571.0,200.0,3.0,3.0, Jakarta Selatan,10900000000.0
260.0,430.0,3.0,3.0, Jakarta Selatan,10500000000.0
48.0,96.0,4.0,1.0, Jakarta Barat,885000000.0
333.0,350.0,5.0,3.0, Jakarta Selatan,6900000000.0
203.0,350.0,3.0,3.0, Jakarta Selatan,8500000000.0
296.0,296.0,5.0,3.0, Jakarta Timur,4000000000.0
119.0,170.0,13.0,15.0, Jakarta Barat,3800000000.0
77.0,220.0,4.0,3.0, Jakarta Utara,2600000000.0
115.0,200.0,6.0,3.0, Jakarta Utara,2250000000.0
178.0,100.0,1.0,1.0, Jakarta Utara,3250000000.0
90.0,150.0,3.0,2.0, Jakarta Barat,3300000000.0
270.0,500.0,4.0,4.0, Jakarta Barat,4500000000.0
215.0,400.0,8.0,7.0, Jakarta Pusat,5800000000.0
890.0,1800.0,54.0,54.0, Jakarta Selatan,28000000000.0
68.0,100.0,4.0,3.0, Jakarta Timur,1600000000.0
83.0,105.0,3.0,2.0, Jakarta Selatan,2110000000.0
144.0,350.0,3.0,3.0, Jakarta Barat,4500000000.0
260.0,400.0,3.0,3.0, Jakarta Timur,6500000000.0
120.0,160.0,4.0,2.0, Jakarta Barat,1370000000.0
108.0,220.0,4.0,4.0, Jakarta Selatan,4100000000.0
195.0,165.0,4.0,4.0, Jakarta Selatan,3900000000.0
256.0,400.0,4.0,5.0, Jakarta Selatan,8000000000.0
108.0,133.0,2.0,2.0, Jakarta Timur,1550000000.0
260.0,350.0,5.0,3.0, Jakarta Selatan,3800000000.0
303.0,500.0,4.0,4.0, Jakarta Pusat,17000000000.0
220.0,250.0,4.0,3.0, Jakarta Barat,3800000000.0
32.0,38.0,2.0,1.0, Jakarta Timur,565000000.0
150.0,200.0,6.0,4.0, Jakarta Barat,3200000000.0
105.0,135.0,3.0,3.0, Tangerang,3830000000.0
160.0,209.0,4.0,3.0, Tangerang,5860000000.0
124.0,138.0,5.0,4.0, Tangerang,3190000000.0
320.0,390.0,6.0,5.0, Tangerang,12400000000.0
200.0,150.0,5.0,3.0, Tangerang,3750000000.0
140.0,176.0,4.0,3.0, Tangerang,5050000000.0
205.0,241.0,4.0,4.0, Tangerang,6940000000.0
200.0,155.0,3.0,2.0, Tangerang,4270000000.0
200.0,155.0,3.0,2.0, Tangerang,4270000000.0
105.0,134.0,3.0,2.0, Tangerang,3830000000.0
124.0,138.0,3.0,2.0, Tangerang,3190000000.0
240.0,450.0,4.0,4.0, Tangerang,7500000000.0
240.0,450.0,4.0,4.0, Tangerang,7500000000.0
124.0,138.0,4.0,4.0, Tangerang,3190000000.0
105.0,134.0,3.0,3.0, Tangerang,3830000000.0
104.0,135.0,3.0,3.0, Tangerang,3830000000.0
105.0,134.0,3.0,3.0, Tangerang,3830000000.0
240.0,208.0,4.0,3.0, Tangerang,5300000000.0
200.0,155.0,5.0,4.0, Tangerang,4270000000.0
320.0,390.0,6.0,4.0, Tangerang,12400000000.0
140.0,176.0,4.0,4.0, Tangerang,5050000000.0
105.0,134.0,4.0,4.0, Tangerang,3830000000.0
144.0,277.0,5.0,4.0, Tangerang,6660000000.0
105.0,134.0,3.0,3.0, Tangerang,3830000000.0
160.0,209.0,4.0,3.0, Tangerang,5860000000.0
140.0,176.0,4.0,3.0, Tangerang,5050000000.0
160.0,209.0,4.0,3.0, Tangerang,5860000000.0
140.0,176.0,4.0,3.0, Tangerang,5050000000.0
160.0,209.0,5.0,4.0, Tangerang,5860000000.0
105.0,134.0,4.0,3.0, Tangerang,3830000000.0
140.0,176.0,5.0,4.0, Tangerang,5050000000.0
105.0,134.0,4.0,4.0, Tangerang,3830000000.0
108.0,195.0,5.0,6.0, Tangerang,4440000000.0
200.0,155.0,4.0,3.0, Tangerang,4270000000.0
105.0,135.0,3.0,3.0, Tangerang,3830000000.0
91.0,170.0,6.0,2.0, Tangerang,1320000000.0
160.0,209.0,4.0,4.0, Tangerang,5860000000.0
105.0,135.0,3.0,3.0, Tangerang,3830000000.0
140.0,176.0,4.0,3.0, Tangerang,5050000000.0
105.0,134.0,3.0,2.0, Tangerang,3830000000.0
140.0,176.0,4.0,3.0, Tangerang,5050000000.0
160.0,209.0,4.0,3.0, Tangerang,5860000000.0
50.0,63.0,2.0,1.0, Tangerang,1200000000.0
350.0,750.0,4.0,4.0, Tangerang,10200000000.0
205.0,241.0,4.0,4.0, Tangerang,6630000000.0
200.0,193.0,5.0,4.0, Tangerang,4980000000.0
128.0,138.0,3.0,2.0, Tangerang,3190000000.0
200.0,155.0,6.0,7.0, Tangerang,4270000000.0
160.0,209.0,4.0,3.0, Tangerang,5860000000.0
105.0,134.0,2.0,2.0, Tangerang,3830000000.0
105.0,135.0,3.0,3.0, Tangerang,3830000000.0
80.0,80.0,3.0,2.0, Tangerang,1200000000.0
91.0,170.0,6.0,2.0, Tangerang,1320000000.0
144.0,180.0,3.0,2.0, Tangerang,1800000000.0
90.0,95.0,2.0,2.0, Tangerang,1530000000.0
300.0,700.0,5.0,6.0, Tangerang,9400000000.0
144.0,277.0,5.0,4.0, Tangerang,6660000000.0
170.0,110.0,3.0,2.0, Tangerang,2690000000.0
124.0,138.0,3.0,2.0, Tangerang,3190000000.0
144.0,200.0,3.0,3.0, Tangerang,3500000000.0
117.0,177.0,4.0,3.0, Tangerang,2600000000.0
105.0,134.0,3.0,3.0, Tangerang,3830000000.0
200.0,193.0,4.0,3.0, Tangerang,4980000000.0
200.0,155.0,4.0,3.0, Tangerang,4270000000.0
320.0,390.0,5.0,4.0, Tangerang,12400000000.0
126.0,231.0,6.0,6.0, Tangerang,5350000000.0
144.0,277.0,5.0,4.0, Tangerang,6660000000.0
157.0,270.0,4.0,4.0, Tangerang,2800000000.0
350.0,750.0,5.0,5.0, Tangerang,10200000000.0
215.0,287.0,5.0,4.0, Tangerang,8820000000.0
108.0,195.0,4.0,3.0, Tangerang,4440000000.0
473.0,705.0,6.0,7.0, Tangerang,13800000000.0
108.0,195.0,5.0,4.0, Tangerang,4440000000.0
144.0,277.0,5.0,4.0, Tangerang,6660000000.0
105.0,135.0,5.0,4.0, Tangerang,3830000000.0
230.0,540.0,4.0,4.0, Tangerang,7670000000.0
144.0,100.0,3.0,3.0, Tangerang,1860000000.0
76.0,67.0,3.0,2.0, Tangerang,1680000000.0
124.0,138.0,3.0,2.0, Tangerang,3190000000.0
200.0,155.0,4.0,3.0, Tangerang,4270000000.0
105.0,134.0,3.0,3.0, Tangerang,3760000000.0
103.0,90.0,3.0,1.0, Tangerang,960000000.0
140.0,176.0,4.0,3.0, Tangerang,5050000000.0
144.0,277.0,5.0,4.0, Tangerang,6660000000.0
105.0,134.0,5.0,4.0, Tangerang,3710000000.0
124.0,138.0,4.0,4.0, Tangerang,3190000000.0
205.0,183.0,4.0,5.0, Tangerang,5100000000.0
200.0,160.0,3.0,2.0, Tangerang,3250000000.0
144.0,277.0,5.0,4.0, Tangerang,8330000000.0
200.0,250.0,4.0,4.0, Tangerang,6650000000.0
126.0,231.0,4.0,3.0, Tangerang,5350000000.0
144.0,277.0,5.0,4.0, Tangerang,6660000000.0
198.0,287.0,5.0,4.0, Tangerang,8390000000.000001
240.0,450.0,4.0,4.0, Tangerang,7500000000.0
105.0,134.0,3.0,3.0, Tangerang,3830000000.0
108.0,195.0,5.0,4.0, Tangerang,4440000000.0
200.0,240.0,4.0,3.0, Tangerang,4500000000.0
280.0,360.0,4.0,4.0, Tangerang,5500000000.0
105.0,135.0,4.0,3.0, Tangerang,3830000000.0
124.0,138.0,4.0,4.0, Tangerang,3190000000.0
198.0,287.0,5.0,4.0, Tangerang,8390000000.000001
105.0,135.0,3.0,3.0, Tangerang,3830000000.0
160.0,209.0,4.0,3.0, Tangerang,5860000000.0
140.0,176.0,4.0,3.0, Tangerang,5050000000.0
250.0,300.0,3.0,3.0, Tangerang,5000000000.0
136.0,110.0,3.0,1.0, Tangerang,2200000000.0
102.0,125.0,3.0,2.0, Tangerang,2300000000.0
102.0,111.0,3.0,2.0, Tangerang,2390000000.0
224.0,340.0,4.0,3.0, Tangerang,7650000000.0
763.0,650.0,4.0,4.0, Tangerang,26000000000.0
152.0,140.0,3.0,3.0, Tangerang,3200000000.0
250.0,180.0,4.0,2.0, Tangerang,3800000000.0
473.0,705.0,6.0,7.0, Tangerang,13800000000.0
240.0,460.0,4.0,4.0, Tangerang,7500000000.0
96.0,116.0,4.0,3.0, Tangerang,2960000000.0
140.0,176.0,4.0,3.0, Tangerang,5050000000.0
216.0,283.0,4.0,3.0, Tangerang,7100000000.0
84.0,128.0,3.0,3.0, Tangerang,2700000000.0
96.0,110.0,4.0,2.0, Tangerang,1440000000.0
161.0,200.0,3.0,2.0, Tangerang,2400000000.0
414.0,840.0,5.0,6.0, Tangerang,9000000000.0
214.0,230.0,4.0,3.0, Tangerang,7100000000.0
106.0,151.0,4.0,3.0, Tangerang,1060000000.0
120.0,130.0,3.0,3.0, Tangerang,2220000000.0
72.0,41.0,2.0,1.0, Tangerang,889000000.0
96.0,110.0,4.0,2.0, Tangerang,1440000000.0
180.0,217.0,3.0,3.0, Tangerang,4800000000.0
180.0,257.0,3.0,3.0, Tangerang,4800000000.0
120.0,102.0,2.0,2.0, Tangerang,1440000000.0
91.0,170.0,6.0,2.0, Tangerang,1320000000.0
72.0,36.0,2.0,1.0, Tangerang,650000000.0
216.0,283.0,4.0,4.0, Tangerang,6930000000.0
120.0,126.0,5.0,4.0, Tangerang,2320000000.0
120.0,130.0,3.0,3.0, Tangerang,2220000000.0
90.0,65.0,2.0,1.0, Tangerang,1020000000.0
585.0,425.0,4.0,5.0, Tangerang,15000000000.0
119.0,123.0,4.0,3.0, Tangerang,2600000000.0
162.0,154.0,4.0,3.0, Tangerang,3300000000.0
238.0,178.0,4.0,3.0, Tangerang,3500000000.0
105.0,114.0,3.0,2.0, Tangerang,2500000000.0
249.0,180.0,3.0,3.0, Tangerang,4300000000.0
180.0,257.0,3.0,3.0, Tangerang,5320000000.0
80.0,102.0,3.0,2.0, Tangerang,1940000000.0
128.0,129.0,3.0,3.0, Tangerang,3100000000.0
180.0,217.0,3.0,4.0, Tangerang,4900000000.0
135.0,168.0,4.0,3.0, Tangerang,2550000000.0
136.0,135.0,3.0,3.0, Tangerang,2300000000.0
72.0,120.0,3.0,3.0, Tangerang,1200000000.0
233.0,135.0,3.0,2.0, Tangerang,3700000000.0
182.0,180.0,4.0,4.0, Tangerang,3800000000.0
136.0,200.0,4.0,3.0, Tangerang,2600000000.0
105.0,107.0,3.0,2.0, Tangerang,1950000000.0
90.0,65.0,3.0,2.0, Tangerang,1550000000.0
52.0,60.0,3.0,2.0, Tangerang,1280000000.0
72.0,84.0,3.0,2.0, Tangerang,1600000000.0
152.0,225.0,4.0,4.0, Tangerang,2800000000.0
162.0,159.0,3.0,2.0, Tangerang,2950000000.0
153.0,196.0,4.0,3.0, Tangerang,4540000000.0
136.0,200.0,4.0,2.0, Tangerang,2900000000.0
128.0,160.0,4.0,3.0, Tangerang,3550000000.0
108.0,105.0,3.0,3.0, Tangerang,2000000000.0
120.0,116.0,3.0,3.0, Tangerang,3400000000.0
72.0,77.0,3.0,2.0, Tangerang,1850000000.0
96.0,116.0,4.0,3.0, Tangerang,2960000000.0
102.0,80.0,3.0,3.0, Tangerang,2190000000.0
128.0,200.0,3.0,3.0, Tangerang,4100000000.0
252.0,153.0,3.0,3.0, Tangerang,3300000000.0
360.0,300.0,4.0,3.0, Tangerang,7500000000.0
84.0,90.0,3.0,2.0, Tangerang,2000000000.0
80.0,102.0,3.0,3.0, Tangerang,1940000000.0
96.0,120.0,3.0,3.0, Tangerang,2270000000.0
48.0,63.0,2.0,2.0, Tangerang,1400000000.0
128.0,130.0,4.0,3.0, Tangerang,3450000000.0
450.0,450.0,4.0,4.0, Tangerang,14000000000.0
144.0,164.0,3.0,3.0, Tangerang,3300000000.0
162.0,182.0,4.0,3.0, Tangerang,3800000000.0
426.0,394.0,6.0,4.0, Tangerang,4750000000.0
278.0,200.0,3.0,2.0, Tangerang,3400000000.0
160.0,240.0,3.0,3.0, Tangerang,2450000000.0
180.0,217.0,3.0,3.0, Tangerang,4900000000.0
128.0,129.0,3.0,3.0, Tangerang,3100000000.0
128.0,160.0,4.0,3.0, Tangerang,3500000000.0
170.0,212.0,4.0,3.0, Tangerang,5280000000.0
154.0,140.0,3.0,3.0, Tangerang,2600000000.0
157.0,148.0,4.0,4.0, Tangerang,2200000000.0
1150.0,6000.0,99.0,99.0, Tangerang,55000000000.0
303.0,300.0,4.0,3.0, Tangerang,5800000000.0
192.0,250.0,3.0,3.0, Tangerang,3000000000.0
180.0,257.0,3.0,3.0, Tangerang,5100000000.0
48.0,63.0,2.0,2.0, Tangerang,1460000000.0
216.0,283.0,4.0,3.0, Tangerang,6930000000.0
96.0,150.0,3.0,3.0, Tangerang,1950000000.0
96.0,150.0,3.0,3.0, Tangerang,1950000000.0
144.0,212.0,4.0,3.0, Tangerang,3500000000.0
90.0,60.0,2.0,1.0, Tangerang,900000000.0
136.0,200.0,4.0,3.0, Tangerang,2600000000.0
78.0,60.0,3.0,2.0, Tangerang,755000000.0
85.0,60.0,3.0,2.0, Tangerang,785000000.0
128.0,160.0,4.0,3.0, Tangerang,3550000000.0
135.0,168.0,4.0,3.0, Tangerang,2600000000.0
238.0,178.0,4.0,4.0, Tangerang,3600000000.0
585.0,425.0,4.0,5.0, Tangerang,15000000000.0
216.0,300.0,4.0,4.0, Tangerang,4500000000.0
303.0,300.0,5.0,4.0, Tangerang,580000000000.0
136.0,200.0,3.0,3.0, Tangerang,2600000000.0
202.0,106.0,3.0,2.0, Tangerang,3650000000.0
48.0,65.0,2.0,2.0, Tangerang,1200000000.0
300.0,157.0,3.0,2.0, Tangerang,3500000000.0
119.0,97.0,3.0,2.0, Tangerang,2100000000.0
144.0,250.0,3.0,2.0, Tangerang,2720000000.0
96.0,116.0,4.0,3.0, Tangerang,2960000000.0
140.0,176.0,4.0,3.0, Tangerang,5050000000.0
200.0,180.0,4.0,4.0, Tangerang,5500000000.0
300.0,480.0,5.0,7.0, Tangerang,13400000000.0
396.0,465.0,5.0,4.0, Tangerang,17000000000.0
128.0,144.0,3.0,3.0, Tangerang,3120000000.0
220.0,398.0,5.0,6.0, Tangerang,9600000000.0
84.0,126.0,3.0,3.0, Tangerang,2700000000.0
300.0,480.0,5.0,5.0, Tangerang,12000000000.0
200.0,358.0,4.0,4.0, Tangerang,10100000000.0
32.0,90.0,4.0,2.0, Tangerang,1020000000.0
396.0,465.0,5.0,5.0, Tangerang,17000000000.0
128.0,183.0,4.0,4.0, Tangerang,4000000000.0
220.0,285.0,4.0,3.0, Tangerang,7400000000.0
90.0,65.0,3.0,2.0, Tangerang,1250000000.0
72.0,71.0,2.0,2.0, Tangerang,1200000000.0
185.0,181.0,4.0,4.0, Tangerang,3840000000.0
157.0,270.0,4.0,4.0, Tangerang,2800000000.0
63.0,83.0,3.0,3.0, Tangerang,1000000000.0
60.0,73.0,3.0,2.0, Tangerang,1700000000.0
48.0,45.0,2.0,1.0, Tangerang,1300000000.0
70.0,78.0,3.0,2.0, Tangerang,1800000000.0
70.0,50.0,3.0,2.0, Tangerang,599000000.0
98.0,130.0,3.0,2.0, Tangerang,2150000000.0
480.0,400.0,5.0,4.0, Tangerang,8300000000.000001
402.0,450.0,4.0,3.0, Tangerang,5300000000.0
50.0,68.0,3.0,2.0, Tangerang,1450000000.0
235.0,200.0,3.0,3.0, Tangerang,4100000000.0
60.0,78.0,4.0,2.0, Tangerang,1600000000.0
801.0,1046.0,5.0,4.0, Tangerang,28000000000.0
120.0,135.0,4.0,3.0, Tangerang,3500000000.0
396.0,1.0,5.0,5.0, Tangerang,17000000000.0
300.0,175.0,3.0,2.0, Tangerang,4990000000.0
70.0,78.0,3.0,2.0, Tangerang,1850000000.0
105.0,80.0,2.0,1.0, Tangerang,1580000000.0
1884.0,500.0,5.0,3.0, Tangerang,5000000000.0
64.0,65.0,2.0,2.0, Tangerang,1000000000.0
53.0,60.0,2.0,2.0, Tangerang,900000000.0
372.0,250.0,4.0,3.0, Tangerang,9700000000.0
181.0,182.0,3.0,3.0, Tangerang,3100000000.0
220.0,398.0,5.0,5.0, Tangerang,9900000000.0
200.0,358.0,4.0,4.0, Tangerang,10100000000.0
150.0,190.0,4.0,3.0, Tangerang,4200000000.0
60.0,67.0,2.0,2.0, Tangerang,1700000000.0
50.0,70.0,3.0,2.0, Tangerang,1490000000.0
240.0,350.0,4.0,6.0, Tangerang,6700000000.0
225.0,120.0,3.0,3.0, Tangerang,3300000000.0
32.0,90.0,4.0,2.0, Tangerang,1300000000.0
237.0,143.0,3.0,3.0, Tangerang,3300000000.0
206.0,280.0,5.0,4.0, Tangerang,2700000000.0
60.0,65.0,3.0,2.0, Tangerang,800000000.0
396.0,465.0,5.0,6.0, Tangerang,18500000000.0
665.0,601.0,5.0,5.0, Tangerang,35000000000.0
98.0,88.0,3.0,3.0, Tangerang,2500000000.0
66.0,86.0,3.0,3.0, Tangerang,2190000000.0
153.0,147.0,4.0,4.0, Tangerang,5080000000.0
98.0,100.0,3.0,2.0, Tangerang,1900000000.0
136.0,180.0,4.0,3.0, Tangerang,2600000000.0
112.0,80.0,3.0,2.0, Tangerang,1200000000.0
60.0,45.0,2.0,2.0, Tangerang,1400000000.0
335.0,240.0,6.0,4.0, Tangerang,7000000000.0
241.0,200.0,5.0,4.0, Tangerang,5000000000.0
135.0,171.0,4.0,4.0, Tangerang,3500000000.0
107.0,130.0,3.0,3.0, Tangerang,2100000000.0
120.0,135.0,4.0,4.0, Tangerang,3500000000.0
90.0,68.0,3.0,2.0, Tangerang,1750000000.0
85.0,60.0,3.0,2.0, Tangerang,785000000.0
60.0,66.0,3.0,2.0, Tangerang,888000000.0
435.0,438.0,5.0,4.0, Tangerang,10000000000.0
77.0,85.0,3.0,2.0, Tangerang,1750000000.0
84.0,126.0,3.0,3.0, Tangerang,2700000000.0
450.0,750.0,4.0,4.0, Tangerang,8250000000.0
396.0,250.0,4.0,4.0, Tangerang,10700000000.0
60.0,73.0,2.0,2.0, Tangerang,1650000000.0
96.0,138.0,3.0,4.0, Tangerang,2500000000.0
224.0,350.0,4.0,3.0, Tangerang,6900000000.0
105.0,80.0,2.0,1.0, Tangerang,1580000000.0
224.0,350.0,4.0,4.0, Tangerang,7200000000.0
187.0,220.0,4.0,3.0, Tangerang,4500000000.0
247.0,360.0,4.0,4.0, Tangerang,7200000000.0
119.0,79.0,3.0,2.0, Tangerang,2100000000.0
200.0,175.0,3.0,3.0, Tangerang,3700000000.0
128.0,100.0,3.0,3.0, Tangerang,2400000000.0
144.0,180.0,3.0,3.0, Tangerang,3500000000.0
188.0,195.0,3.0,2.0, Tangerang,2200000000.0
300.0,400.0,5.0,5.0, Tangerang,4800000000.0
200.0,290.0,6.0,4.0, Tangerang,2900000000.0
84.0,70.0,3.0,1.0, Tangerang,1300000000.0
150.0,230.0,3.0,3.0, Tangerang,2950000000.0
200.0,290.0,6.0,4.0, Tangerang,2900000000.0
72.0,80.0,2.0,2.0, Tangerang,1500000000.0
160.0,180.0,4.0,2.0, Tangerang,3200000000.0
426.0,653.0,8.0,5.0, Tangerang,11500000000.0
162.0,120.0,5.0,4.0, Tangerang,2850000000.0
144.0,250.0,4.0,3.0, Tangerang,2990000000.0
176.0,290.0,4.0,1.0, Tangerang,3300000000.0
96.0,100.0,2.0,2.0, Tangerang,2000000000.0
163.0,278.0,4.0,4.0, Tangerang,3750000000.0
399.0,725.0,6.0,6.0, Tangerang,14000000000.0
160.0,200.0,3.0,3.0, Tangerang,2500000000.0
90.0,66.0,3.0,2.0, Tangerang,850000000.0
72.0,40.0,2.0,2.0, Tangerang,630000000.0
119.0,62.0,2.0,1.0, Tangerang,960000000.0
119.0,74.0,3.0,2.0, Tangerang,1060000000.0
164.0,100.0,4.0,2.0, Tangerang,1440000000.0
72.0,60.0,3.0,1.0, Tangerang,525000000.0
120.0,180.0,4.0,2.0, Tangerang,1300000000.0
100.0,150.0,3.0,2.0, Tangerang,975000000.0
200.0,150.0,3.0,2.0, Tangerang,1750000000.0
136.0,93.0,3.0,1.0, Tangerang,899000000.0
84.0,41.0,2.0,1.0, Tangerang,660000000.0
128.0,135.0,3.0,3.0, Tangerang,1250000000.0
96.0,120.0,3.0,2.0, Tangerang,630000000.0
72.0,22.0,2.0,1.0, Tangerang,385000000.0
300.0,400.0,4.0,4.0, Tangerang,2500000000.0
90.0,47.0,2.0,1.0, Tangerang,771000000.0
119.0,130.0,3.0,2.0, Tangerang,1180000000.0
150.0,150.0,3.0,2.0, Tangerang,3000000000.0
389.0,520.0,5.0,4.0, Tangerang,5000000000.0
108.0,108.0,2.0,2.0, Tangerang,650000000.0
90.0,75.0,3.0,2.0, Tangerang,610000000.0
360.0,400.0,4.0,4.0, Tangerang,3000000000.0
90.0,75.0,2.0,1.0, Tangerang,650000000.0
90.0,75.0,2.0,1.0, Tangerang,650000000.0
72.0,36.0,2.0,1.0, Tangerang,700000000.0
120.0,100.0,3.0,3.0, Tangerang,1100000000.0
72.0,72.0,2.0,1.0, Tangerang,455000000.0
72.0,110.0,3.0,2.0, Tangerang,675000000.0
210.0,200.0,3.0,3.0, Tangerang,1350000000.0
72.0,65.0,3.0,1.0, Tangerang,685000000.0
90.0,75.0,3.0,2.0, Tangerang,610000000.0
100.0,84.0,4.0,3.0, Tangerang,2700000000.0
300.0,480.0,5.0,7.0, Tangerang,12000000000.0
558.0,760.0,5.0,7.0, Tangerang,23000000000.0
365.0,400.0,5.0,4.0, Tangerang,5700000000.0
84.0,126.0,3.0,3.0, Tangerang,2770000000.0
128.0,144.0,3.0,3.0, Tangerang,3120000000.0
396.0,396.0,6.0,5.0, Tangerang,17000000000.0
396.0,465.0,5.0,5.0, Tangerang,17000000000.0
112.0,100.0,3.0,2.0, Tangerang,1360000000.0
84.0,126.0,3.0,3.0, Tangerang,2800000000.0
396.0,396.0,3.0,3.0, Tangerang,17000000000.0
499.0,349.0,6.0,5.0, Tangerang,18000000000.0
499.0,349.0,6.0,5.0, Tangerang,18000000000.0
18.0,22.0,5.0,4.0, Tangerang,13700000000.0
66.0,86.0,3.0,3.0, Tangerang,1900000000.0
157.0,270.0,4.0,4.0, Tangerang,2800000000.0
128.0,144.0,3.0,3.0, Tangerang,3120000000.0
72.0,71.0,2.0,2.0, Tangerang,1200000000.0
90.0,126.0,4.0,3.0, Tangerang,1590000000.0
112.0,180.0,5.0,4.0, Tangerang,4000000000.0
83.0,50.0,2.0,2.0, Tangerang,899000000.0
169.0,200.0,4.0,3.0, Tangerang,3200000000.0
80.0,80.0,3.0,2.0, Tangerang,1200000000.0
250.0,195.0,3.0,3.0, Tangerang,4680000000.0
128.0,144.0,3.0,3.0, Tangerang,3120000000.0
60.0,30.0,2.0,1.0, Tangerang,796000000.0
100.0,84.0,4.0,3.0, Tangerang,2700000000.0
61.0,69.0,3.0,2.0, Tangerang,1000000000.0
84.0,126.0,4.0,3.0, Tangerang,2770000000.0
265.0,385.0,5.0,6.0, Tangerang,13200000000.0
200.0,358.0,4.0,6.0, Tangerang,9790000000.0
264.0,485.0,4.0,5.0, Tangerang,13400000000.0
136.0,242.0,4.0,5.0, Tangerang,6000000000.0
66.0,86.0,4.0,3.0, Tangerang,1900000000.0
220.0,150.0,3.0,2.0, Tangerang,2350000000.0
180.0,280.0,4.0,4.0, Tangerang,7800000000.0
1649.0,1039.0,5.0,4.0, Tangerang,22000000000.0
275.0,320.0,4.0,4.0, Tangerang,6000000000.0
85.0,60.0,3.0,2.0, Tangerang,665000000.0
801.0,1046.0,5.0,4.0, Tangerang,28000000000.0
63.0,83.0,3.0,3.0, Tangerang,1040000000.0
90.0,65.0,3.0,2.0, Tangerang,1250000000.0
684.0,545.0,5.0,5.0, Tangerang,35000000000.0
68.0,80.0,3.0,3.0, Tangerang,1430000000.0
853.0,426.0,4.0,3.0, Tangerang,10000000000.0
558.0,760.0,5.0,6.0, Tangerang,28000000000.0
144.0,200.0,3.0,3.0, Tangerang,3000000000.0
136.0,242.0,4.0,5.0, Tangerang,5950000000.0
74.0,69.0,3.0,2.0, Tangerang,1200000000.0
32.0,90.0,3.0,3.0, Tangerang,1500000000.0
32.0,90.0,4.0,2.0, Tangerang,1500000000.0
153.0,230.0,3.0,3.0, Tangerang,2950000000.0
74.0,69.0,3.0,2.0, Tangerang,1000000000.0
84.0,126.0,4.0,3.0, Tangerang,2770000000.0
66.0,86.0,4.0,3.0, Tangerang,1800000000.0
153.0,275.0,4.0,5.0, Tangerang,6700000000.0
144.0,177.0,4.0,4.0, Tangerang,4200000000.0
72.0,69.0,3.0,2.0, Tangerang,1420000000.0
250.0,200.0,3.0,2.0, Tangerang,4300000000.0
220.0,285.0,4.0,4.0, Tangerang,8750000000.0
435.0,438.0,5.0,4.0, Tangerang,9500000000.0
385.0,450.0,4.0,3.0, Tangerang,5950000000.0
136.0,240.0,4.0,4.0, Tangerang,6000000000.0
220.0,398.0,5.0,7.0, Tangerang,9600000000.0
144.0,177.0,4.0,4.0, Tangerang,4400000000.0
265.0,400.0,4.0,3.0, Tangerang,6500000000.0
60.0,80.0,3.0,2.0, Tangerang,765000000.0
570.0,545.0,6.0,6.0, Tangerang,35000000000.0
232.0,150.0,4.0,3.0, Tangerang,2850000000.0
540.0,345.0,4.0,4.0, Tangerang,9500000000.0
68.0,60.0,3.0,2.0, Tangerang,655000000.0
80.0,78.0,4.0,2.0, Tangerang,2110000000.0
90.0,68.0,3.0,2.0, Tangerang,1750000000.0
365.0,400.0,5.0,4.0, Tangerang,5700000000.0
112.0,150.0,4.0,3.0, Tangerang,2000000000.0
60.0,68.0,2.0,2.0, Tangerang,1750000000.0
180.0,100.0,3.0,2.0, Tangerang,2000000000.0
77.0,85.0,3.0,2.0, Tangerang,1750000000.0
220.0,398.0,5.0,7.0, Tangerang,9960000000.0
35.0,103.0,6.0,6.0, Tangerang,1660000000.0
30.0,41.0,1.0,2.0, Tangerang,935000000.0
90.0,72.0,3.0,2.0, Tangerang,1800000000.0
61.0,60.0,3.0,2.0, Tangerang,655000000.0
144.0,180.0,3.0,2.0, Tangerang,1800000000.0
91.0,170.0,6.0,2.0, Tangerang,1320000000.0
123.0,105.0,2.0,2.0, Tangerang,1680000000.0
144.0,100.0,3.0,3.0, Tangerang,1860000000.0
91.0,170.0,6.0,2.0, Tangerang,1320000000.0
144.0,100.0,3.0,3.0, Tangerang,1860000000.0
90.0,95.0,2.0,2.0, Tangerang,1530000000.0
103.0,90.0,3.0,1.0, Tangerang,960000000.0
144.0,180.0,3.0,2.0, Tangerang,1800000000.0
90.0,95.0,2.0,2.0, Tangerang,1530000000.0
144.0,100.0,3.0,3.0, Tangerang,1860000000.0
91.0,170.0,6.0,2.0, Tangerang,1320000000.0
144.0,180.0,3.0,2.0, Tangerang,1800000000.0
144.0,100.0,3.0,3.0, Tangerang,1860000000.0
117.0,177.0,4.0,3.0, Tangerang,2600000000.0
103.0,90.0,3.0,1.0, Tangerang,960000000.0
103.0,90.0,3.0,1.0, Tangerang,960000000.0
90.0,95.0,2.0,2.0, Tangerang,1530000000.0
103.0,90.0,3.0,1.0, Tangerang,960000000.0
50.0,65.0,3.0,2.0, Tangerang,895000000.0
76.0,67.0,3.0,2.0, Tangerang,1680000000.0
117.0,177.0,4.0,3.0, Tangerang,2600000000.0
76.0,67.0,3.0,2.0, Tangerang,1680000000.0
76.0,67.0,3.0,2.0, Tangerang,1680000000.0
76.0,67.0,3.0,2.0, Tangerang,1680000000.0
63.0,80.0,3.0,2.0, Tangerang,1590000000.0
144.0,180.0,3.0,2.0, Tangerang,1800000000.0
70.0,71.0,3.0,2.0, Tangerang,1500000000.0
120.0,160.0,4.0,2.0, Tangerang,1200000000.0
200.0,123.0,2.0,2.0, Tangerang,1280000000.0
81.0,81.0,3.0,1.0, Tangerang,900000000.0
60.0,65.0,2.0,2.0, Tangerang,1080000000.0
64.0,60.0,3.0,2.0, Tangerang,685000000.0
119.0,62.0,2.0,1.0, Tangerang,960000000.0
102.0,46.0,2.0,1.0, Tangerang,745000000.0
119.0,62.0,2.0,1.0, Tangerang,960000000.0
119.0,74.0,3.0,2.0, Tangerang,1060000000.0
119.0,62.0,2.0,1.0, Tangerang,960000000.0
119.0,74.0,3.0,2.0, Tangerang,1060000000.0
119.0,62.0,2.0,1.0, Tangerang,960000000.0
119.0,74.0,3.0,2.0, Tangerang,1060000000.0
119.0,74.0,3.0,2.0, Tangerang,1060000000.0
128.0,192.0,3.0,2.0, Tangerang,1600000000.0
140.0,80.0,3.0,2.0, Tangerang,1050000000.0
180.0,214.0,4.0,4.0, Tangerang,2750000000.0
160.0,190.0,4.0,3.0, Tangerang,2800000000.0
180.0,142.0,3.0,3.0, Tangerang,1800000000.0
180.0,142.0,3.0,3.0, Tangerang,1800000000.0
84.0,54.0,2.0,2.0, Tangerang,1020000000.0
84.0,54.0,2.0,2.0, Tangerang,1020000000.0
84.0,54.0,2.0,2.0, Tangerang,1020000000.0
72.0,57.0,3.0,1.0, Tangerang,750000000.0
84.0,54.0,2.0,2.0, Tangerang,1020000000.0
84.0,54.0,2.0,2.0, Tangerang,1020000000.0
84.0,54.0,2.0,2.0, Tangerang,1020000000.0
84.0,54.0,2.0,2.0, Tangerang,1020000000.0
60.0,51.0,3.0,2.0, Tangerang,969000000.0
78.0,60.0,3.0,2.0, Tangerang,755000000.0
60.0,70.0,3.0,2.0, Tangerang,800000000.0
225.0,120.0,3.0,3.0, Tangerang,3300000000.0
106.0,151.0,4.0,3.0, Tangerang,1060000000.0
253.0,138.0,2.0,2.0, Tangerang,3600000000.0
72.0,50.0,2.0,1.0, Tangerang,500000000.0
60.0,36.0,2.0,1.0, Tangerang,500000000.0
72.0,36.0,2.0,1.0, Tangerang,650000000.0
253.0,138.0,2.0,2.0, Tangerang,3600000000.0
60.0,36.0,2.0,1.0, Tangerang,500000000.0
106.0,151.0,4.0,3.0, Tangerang,1060000000.0
60.0,36.0,2.0,1.0, Tangerang,500000000.0
106.0,151.0,4.0,3.0, Tangerang,1060000000.0
72.0,36.0,2.0,1.0, Tangerang,650000000.0
164.0,100.0,4.0,1.0, Tangerang,1440000000.0
72.0,83.0,4.0,2.0, Tangerang,954000000.0
72.0,41.0,2.0,1.0, Tangerang,889000000.0
72.0,120.0,3.0,2.0, Tangerang,1500000000.0
108.0,200.0,5.0,3.0, Tangerang,1300000000.0
72.0,67.0,3.0,2.0, Tangerang,800000000.0
72.0,45.0,2.0,1.0, Tangerang,625000000.0
72.0,78.0,4.0,2.0, Tangerang,832000000.0
72.0,39.0,2.0,1.0, Tangerang,648000000.0
72.0,39.0,2.0,1.0, Tangerang,720000000.0
72.0,54.0,2.0,2.0, Tangerang,843000000.0
89.0,40.0,2.0,1.0, Tangerang,600000000.0
120.0,70.0,3.0,2.0, Tangerang,1400000000.0
128.0,144.0,3.0,3.0, Tangerang,3120000000.0
220.0,285.0,4.0,4.0, Tangerang,7400000000.0
336.0,418.0,6.0,5.0, Tangerang,16000000000.0
161.0,200.0,3.0,2.0, Tangerang,2400000000.0
161.0,200.0,3.0,2.0, Tangerang,2400000000.0
128.0,144.0,3.0,3.0, Tangerang,3120000000.0
161.0,200.0,3.0,2.0, Tangerang,2400000000.0
161.0,200.0,3.0,2.0, Tangerang,2400000000.0
60.0,62.0,3.0,2.0, Tangerang,828000000.0
225.0,120.0,3.0,3.0, Tangerang,3300000000.0
84.0,47.0,3.0,2.0, Tangerang,826000000.0
72.0,36.0,2.0,1.0, Tangerang,679000000.0
96.0,110.0,4.0,2.0, Tangerang,1440000000.0
90.0,65.0,2.0,1.0, Tangerang,1020000000.0
60.0,72.0,3.0,2.0, Tangerang,660000000.0
60.0,72.0,3.0,2.0, Tangerang,660000000.0
120.0,102.0,2.0,2.0, Tangerang,1440000000.0
90.0,65.0,2.0,1.0, Tangerang,1020000000.0
90.0,65.0,2.0,1.0, Tangerang,1020000000.0
144.0,176.0,4.0,3.0, Tangerang,3600000000.0
96.0,110.0,4.0,2.0, Tangerang,1440000000.0
60.0,72.0,3.0,2.0, Tangerang,660000000.0
60.0,72.0,3.0,2.0, Tangerang,660000000.0
96.0,110.0,4.0,2.0, Tangerang,1440000000.0
63.0,126.0,3.0,2.0, Tangerang,595000000.0
70.0,45.0,2.0,2.0, Tangerang,770000000.0
40.0,44.0,2.0,2.0, Tangerang,825000000.0
120.0,90.0,3.0,2.0, Tangerang,1990000000.0
96.0,80.0,2.0,1.0, Tangerang,950000000.0
90.0,60.0,2.0,1.0, Tangerang,750000000.0
78.0,60.0,3.0,2.0, Tangerang,755000000.0
85.0,60.0,3.0,2.0, Tangerang,785000000.0
1340.0,1500.0,6.0,6.0, Tangerang,32000000000.0
72.0,83.0,4.0,2.0, Tangerang,945000000.0
72.0,83.0,4.0,2.0, Tangerang,900000000.0
210.0,300.0,6.0,3.0, Tangerang,4200000000.0
120.0,102.0,2.0,2.0, Tangerang,1440000000.0
120.0,130.0,3.0,3.0, Tangerang,2220000000.0
72.0,83.0,4.0,2.0, Tangerang,945000000.0
72.0,36.0,2.0,1.0, Tangerang,650000000.0
72.0,96.0,3.0,2.0, Tangerang,650000000.0
72.0,78.0,3.0,2.0, Tangerang,954000000.0
72.0,78.0,4.0,2.0, Tangerang,975000000.0
135.0,108.0,4.0,2.0, Tangerang,850000000.0
60.0,65.0,3.0,2.0, Tangerang,800000000.0
210.0,300.0,6.0,3.0, Tangerang,4200000000.0
120.0,102.0,2.0,2.0, Tangerang,1440000000.0
90.0,95.0,2.0,2.0, Tangerang,1530000000.0
78.0,60.0,3.0,2.0, Tangerang,755000000.0
85.0,60.0,3.0,2.0, Tangerang,785000000.0
120.0,130.0,3.0,3.0, Tangerang,2220000000.0
120.0,130.0,3.0,3.0, Tangerang,2220000000.0
60.0,46.0,2.0,2.0, Tangerang,450000000.0
72.0,40.0,2.0,2.0, Tangerang,630000000.0
72.0,50.0,2.0,1.0, Tangerang,500000000.0
72.0,40.0,2.0,2.0, Tangerang,630000000.0
90.0,65.0,3.0,1.0, Tangerang,520000000.0
164.0,100.0,4.0,1.0, Tangerang,1440000000.0
60.0,63.0,2.0,2.0, Tangerang,1100000000.0
72.0,50.0,2.0,1.0, Tangerang,500000000.0
105.0,126.0,3.0,3.0, Tangerang,2200000000.0
105.0,126.0,3.0,3.0, Tangerang,1700000000.0
300.0,230.0,3.0,2.0, Tangerang,3600000000.0
72.0,40.0,2.0,2.0, Tangerang,630000000.0
164.0,100.0,4.0,1.0, Tangerang,1440000000.0
164.0,100.0,4.0,2.0, Tangerang,1440000000.0
180.0,139.0,3.0,3.0, Tangerang,2050000000.0
420.0,316.0,4.0,4.0, Tangerang,4250000000.0
72.0,40.0,2.0,2.0, Tangerang,630000000.0
119.0,62.0,2.0,1.0, Tangerang,960000000.0
160.0,190.0,4.0,3.0, Tangerang,2900000000.0
160.0,180.0,2.0,2.0, Tangerang,1850000000.0
40.0,74.0,4.0,2.0, Tangerang,968000000.0
160.0,134.0,3.0,3.0, Tangerang,2250000000.0
72.0,72.0,3.0,2.0, Tangerang,525000000.0
180.0,200.0,3.0,3.0, Tangerang,1900000000.0
54.0,124.0,3.0,2.0, Tangerang,1300000000.0
96.0,112.0,3.0,2.0, Tangerang,1400000000.0
136.0,84.0,2.0,1.0, Tangerang,980000000.0
136.0,84.0,3.0,2.0, Tangerang,1000000000.0
77.0,97.0,4.0,3.0, Tangerang,1050000000.0
160.0,81.0,2.0,1.0, Tangerang,1350000000.0
474.0,500.0,6.0,4.0, Tangerang,12500000000.0
450.0,700.0,4.0,4.0, Tangerang,10500000000.0
450.0,700.0,4.0,4.0, Tangerang,10500000000.0
450.0,650.0,4.0,4.0, Tangerang,10000000000.0
220.0,285.0,4.0,4.0, Tangerang,7400000000.0
474.0,500.0,6.0,4.0, Tangerang,12500000000.0
630.0,500.0,5.0,5.0, Tangerang,18000000000.0
276.0,441.0,4.0,5.0, Tangerang,14500000000.0
748.0,500.0,4.0,4.0, Tangerang,17500000000.0
276.0,441.0,4.0,4.0, Tangerang,14500000000.0
220.0,185.0,3.0,3.0, Tangerang,4300000000.0
72.0,95.0,3.0,2.0, Tangerang,1040000000.0
90.0,126.0,4.0,3.0, Tangerang,1590000000.0
90.0,126.0,4.0,3.0, Tangerang,1590000000.0
71.0,62.0,2.0,2.0, Tangerang,1230000000.0
72.0,36.0,2.0,1.0, Tangerang,588000000.0
72.0,36.0,2.0,1.0, Tangerang,588000000.0
210.0,300.0,6.0,3.0, Tangerang,4200000000.0
253.0,138.0,2.0,2.0, Tangerang,3600000000.0
120.0,102.0,2.0,2.0, Tangerang,1440000000.0
106.0,151.0,4.0,3.0, Tangerang,1060000000.0
90.0,65.0,2.0,1.0, Tangerang,1020000000.0
60.0,72.0,3.0,2.0, Tangerang,660000000.0
72.0,83.0,4.0,2.0, Tangerang,936000000.0
83.0,68.0,2.0,2.0, Tangerang,751000000.0
273.0,225.0,2.0,2.0, Tangerang,3000000000.0
120.0,180.0,4.0,2.0, Tangerang,1500000000.0
409.0,367.0,4.0,4.0, Tangerang,18000000000.0
81.0,57.0,2.0,1.0, Tangerang,800000000.0
60.0,54.0,3.0,1.0, Tangerang,920000000.0
50.0,36.0,2.0,1.0, Tangerang,548000000.0
60.0,54.0,3.0,1.0, Tangerang,920000000.0
60.0,75.0,2.0,2.0, Tangerang,1250000000.0
60.0,54.0,3.0,1.0, Tangerang,920000000.0
84.0,120.0,3.0,2.0, Tangerang,1200000000.0
72.0,108.0,4.0,2.0, Tangerang,1220000000.0
72.0,50.0,2.0,1.0, Tangerang,975000000.0
144.0,18.0,3.0,3.0, Tangerang,3590000000.0
120.0,180.0,3.0,2.0, Tangerang,4000000000.0
48.0,80.0,2.0,2.0, Tangerang,1370000000.0
63.0,86.0,3.0,2.0, Tangerang,1300000000.0
63.0,100.0,2.0,2.0, Tangerang,1700000000.0
132.0,158.0,3.0,2.0, Tangerang,1490000000.0
78.0,60.0,3.0,2.0, Tangerang,755000000.0
85.0,60.0,3.0,2.0, Tangerang,785000000.0
66.0,86.0,2.0,2.0, Tangerang,1400000000.0
200.0,300.0,5.0,3.0, Tangerang,3500000000.0
120.0,120.0,4.0,4.0, Tangerang,2300000000.0
160.0,160.0,4.0,3.0, Tangerang,1900000000.0
200.0,200.0,3.0,2.0, Tangerang,2600000000.0
112.0,194.0,4.0,3.0, Tangerang,3000000000.0
210.0,300.0,6.0,3.0, Tangerang,4200000000.0
75.0,92.0,3.0,3.0, Tangerang,1170000000.0
105.0,126.0,3.0,3.0, Tangerang,1760000000.0
72.0,72.0,4.0,2.0, Tangerang,975000000.0
190.0,120.0,2.0,2.0, Tangerang,1890000000.0
72.0,54.0,3.0,2.0, Tangerang,845000000.0
140.0,180.0,6.0,3.0, Tangerang,1600000000.0
380.0,600.0,10.0,10.0, Tangerang,1800000000.0
60.0,74.0,3.0,2.0, Tangerang,1120000000.0
257.0,250.0,3.0,3.0, Tangerang,2100000000.0
45.0,120.0,2.0,2.0, Tangerang,1100000000.0
70.0,86.0,2.0,3.0, Tangerang,900000000.0
132.0,125.0,4.0,3.0, Tangerang,2520000000.0
126.0,100.0,3.0,2.0, Tangerang,1300000000.0
70.0,40.0,2.0,1.0, Tangerang,485000000.0
300.0,240.0,3.0,4.0, Tangerang,4000000000.0
64.0,60.0,3.0,2.0, Tangerang,660000000.0
80.0,84.0,3.0,3.0, Tangerang,1400000000.0
60.0,87.0,3.0,3.0, Tangerang,1400000000.0
64.0,60.0,3.0,2.0, Tangerang,655000000.0
120.0,70.0,3.0,2.0, Tangerang,1600000000.0
210.0,300.0,4.0,3.0, Tangerang,3100000000.0
60.0,60.0,3.0,2.0, Tangerang,1220000000.0
112.0,90.0,3.0,1.0, Tangerang,1670000000.0
90.0,50.0,2.0,2.0, Tangerang,1350000000.0
76.0,56.0,2.0,2.0, Tangerang,1200000000.0
154.0,500.0,5.0,5.0, Tangerang,4900000000.0
120.0,100.0,3.0,1.0, Tangerang,1250000000.0
160.0,140.0,4.0,2.0, Tangerang,1490000000.0
180.0,257.0,3.0,3.0, Tangerang,4890000000.0
180.0,217.0,3.0,3.0, Tangerang,4890000000.0
180.0,164.0,4.0,3.0, Tangerang,4500000000.0
170.0,181.0,4.0,3.0, Tangerang,3500000000.0
77.0,70.0,3.0,2.0, Tangerang,1750000000.0
60.0,120.0,3.0,4.0, Tangerang,2200000000.0
72.0,165.0,4.0,3.0, Tangerang,2760000000.0
77.0,70.0,3.0,2.0, Tangerang,1750000000.0
135.0,163.0,4.0,3.0, Tangerang,3400000000.0
632.0,317.0,5.0,4.0, Tangerang,12500000000.0
300.0,600.0,3.0,3.0, Tangerang,12500000000.0
292.0,165.0,4.0,3.0, Tangerang,3800000000.0
360.0,200.0,5.0,3.0, Tangerang,3990000000.0
785.0,470.0,7.0,5.0, Tangerang,8750000000.0
120.0,144.0,2.0,2.0, Tangerang,3850000000.0
120.0,144.0,3.0,3.0, Tangerang,3200000000.0
119.0,92.0,3.0,2.0, Tangerang,2550000000.0
120.0,192.0,3.0,2.0, Tangerang,3000000000.0
135.0,171.0,3.0,3.0, Tangerang,3400000000.0
80.0,80.0,3.0,2.0, Tangerang,1200000000.0
63.0,80.0,3.0,2.0, Tangerang,1590000000.0
163.0,220.0,4.0,4.0, Tangerang,3500000000.0
161.0,150.0,4.0,3.0, Tangerang,2000000000.0
110.0,160.0,4.0,3.0, Tangerang,1100000000.0
128.0,240.0,3.0,3.0, Tangerang,2950000000.0
128.0,240.0,3.0,3.0, Tangerang,2950000000.0
264.0,290.0,4.0,3.0, Tangerang,5950000000.0
163.0,170.0,10.0,10.0, Tangerang,3500000000.0
180.0,240.0,4.0,3.0, Tangerang,3500000000.0
144.0,144.0,3.0,3.0, Tangerang,4300000000.0
128.0,190.0,4.0,3.0, Tangerang,2750000000.0
264.0,290.0,4.0,3.0, Tangerang,5950000000.0
365.0,400.0,5.0,4.0, Tangerang,5700000000.0
365.0,400.0,5.0,4.0, Tangerang,5700000000.0
365.0,400.0,5.0,4.0, Tangerang,5700000000.0
108.0,108.0,2.0,2.0, Tangerang,1600000000.0
210.0,300.0,6.0,3.0, Tangerang,4200000000.0
127.0,90.0,3.0,3.0, Tangerang,1500000000.0
50.0,90.0,2.0,2.0, Tangerang,1400000000.0
135.0,200.0,3.0,4.0, Tangerang,1700000000.0
400.0,200.0,4.0,3.0, Tangerang,4700000000.0
357.0,450.0,4.0,4.0, Tangerang,6000000000.0
64.0,60.0,3.0,2.0, Tangerang,655000000.0
120.0,100.0,3.0,3.0, Tangerang,1700000000.0
98.0,130.0,3.0,2.0, Tangerang,2000000000.0
136.0,180.0,4.0,3.0, Tangerang,2700000000.0
98.0,125.0,3.0,3.0, Tangerang,2050000000.0
98.0,125.0,3.0,3.0, Tangerang,2050000000.0
120.0,70.0,2.0,1.0, Tangerang,1130000000.0
224.0,125.0,3.0,2.0, Tangerang,1950000000.0
98.0,130.0,3.0,2.0, Tangerang,1990000000.0
98.0,130.0,3.0,2.0, Tangerang,1990000000.0
155.0,130.0,3.0,3.0, Tangerang,1000000000.0
72.0,65.0,2.0,2.0, Tangerang,1600000000.0
180.0,120.0,3.0,2.0, Tangerang,2200000000.0
60.0,54.0,3.0,1.0, Tangerang,920000000.0
55.0,110.0,3.0,2.0, Tangerang,950000000.0
55.0,110.0,3.0,2.0, Tangerang,950000000.0
110.0,200.0,4.0,2.0, Tangerang,1850000000.0
63.0,100.0,3.0,2.0, Tangerang,1590000000.0
130.0,180.0,3.0,2.0, Tangerang,1800000000.0
163.0,220.0,4.0,4.0, Tangerang,3500000000.0
60.0,54.0,3.0,1.0, Tangerang,920000000.0
81.0,45.0,2.0,1.0, Tangerang,900000000.0
117.0,177.0,4.0,3.0, Tangerang,2600000000.0
120.0,135.0,3.0,3.0, Tangerang,3700000000.0
146.0,300.0,4.0,2.0, Tangerang,1700000000.0
87.0,87.0,3.0,3.0, Tangerang,3280000000.0
101.0,101.0,7.0,3.0, Tangerang,1610000000.0
135.0,90.0,2.0,1.0, Tangerang,895000000.0
144.0,200.0,3.0,3.0, Tangerang,4300000000.0
205.0,280.0,4.0,3.0, Tangerang,4300000000.0
128.0,140.0,3.0,3.0, Tangerang,2400000000.0
203.0,300.0,5.0,4.0, Tangerang,3400000000.0
160.0,250.0,3.0,3.0, Tangerang,2950000000.0
300.0,280.0,4.0,1.0, Tangerang,3900000000.0
90.0,109.0,3.0,2.0, Tangerang,2500000000.0
105.0,145.0,3.0,3.0, Tangerang,3200000000.0
109.0,145.0,3.0,2.0, Tangerang,2900000000.0
105.0,137.0,4.0,3.0, Tangerang,2800000000.0
118.0,200.0,4.0,4.0, Tangerang,2250000000.0
60.0,72.0,3.0,2.0, Tangerang,1400000000.0
121.0,264.0,3.0,2.0, Tangerang,2500000000.0
98.0,114.0,3.0,3.0, Tangerang,3200000000.0
316.0,250.0,2.0,2.0, Tangerang,4500000000.0
72.0,63.0,2.0,2.0, Tangerang,600000000.0
200.0,175.0,3.0,3.0, Tangerang,2000000000.0
70.0,72.0,3.0,2.0, Tangerang,818000000.0
120.0,147.0,3.0,3.0, Tangerang,1940000000.0
105.0,126.0,3.0,3.0, Tangerang,1680000000.0
103.0,206.0,7.0,2.0, Tangerang,1950000000.0
98.0,97.0,3.0,3.0, Tangerang,1780000000.0
105.0,51.0,3.0,2.0, Tangerang,1270000000.0
84.0,51.0,3.0,1.0, Tangerang,1100000000.0
553.0,450.0,4.0,4.0, Tangerang,11900000000.0
126.0,120.0,3.0,2.0, Tangerang,2700000000.0
585.0,425.0,4.0,5.0, Tangerang,15000000000.0
300.0,650.0,5.0,4.0, Tangerang,12500000000.0
225.0,350.0,4.0,4.0, Tangerang,6900000000.0
66.0,60.0,3.0,2.0, Tangerang,636000000.0
80.0,83.0,3.0,3.0, Tangerang,1300000000.0
61.0,80.0,3.0,3.0, Tangerang,1000000000.0
80.0,95.0,3.0,2.0, Tangerang,1250000000.0
60.0,33.0,2.0,1.0, Tangerang,337000000.0
60.0,57.0,3.0,2.0, Tangerang,550000000.0
140.0,45.0,2.0,1.0, Tangerang,550000000.0
144.0,212.0,3.0,2.0, Tangerang,3500000000.0
128.0,160.0,4.0,3.0, Tangerang,3500000000.0
128.0,160.0,4.0,3.0, Tangerang,3550000000.0
200.0,350.0,4.0,3.0, Tangerang,3900000000.0
144.0,63.0,2.0,1.0, Tangerang,1750000000.0
160.0,400.0,4.0,3.0, Tangerang,3500000000.0
120.0,90.0,2.0,1.0, Tangerang,1400000000.0
70.0,71.0,3.0,2.0, Tangerang,1600000000.0
96.0,90.0,3.0,3.0, Tangerang,1500000000.0
237.0,125.0,3.0,2.0, Tangerang,2350000000.0
400.0,264.0,4.0,3.0, Tangerang,5200000000.0
475.0,300.0,6.0,5.0, Tangerang,4500000000.0
200.0,205.0,4.0,3.0, Tangerang,2900000000.0
240.0,400.0,8.0,3.0, Tangerang,6000000000.0
108.0,130.0,3.0,3.0, Tangerang,2100000000.0
72.0,120.0,2.0,2.0, Tangerang,580000000.0
155.0,300.0,4.0,4.0, Tangerang,2300000000.0
60.0,57.0,3.0,2.0, Tangerang,550000000.0
700.0,800.0,6.0,4.0, Tangerang,12500000000.0
286.0,347.0,5.0,3.0, Tangerang,5000000000.0
240.0,350.0,4.0,4.0, Tangerang,5200000000.0
299.0,300.0,4.0,2.0, Tangerang,3750000000.0
300.0,200.0,3.0,2.0, Tangerang,3500000000.0
383.0,595.0,4.0,4.0, Tangerang,7800000000.0
240.0,240.0,4.0,4.0, Tangerang,6100000000.0
64.0,60.0,3.0,2.0, Tangerang,634000000.0
64.0,60.0,3.0,2.0, Tangerang,660000000.0
68.0,60.0,3.0,2.0, Tangerang,655000000.0
108.0,180.0,1.0,3.0, Tangerang,2270000000.0
144.0,205.0,4.0,4.0, Tangerang,2350000000.0
75.0,86.0,2.0,2.0, Tangerang,875000000.0
297.0,145.0,3.0,2.0, Tangerang,5560000000.0
1000.0,500.0,6.0,7.0, Tangerang,9500000000.0
175.0,220.0,4.0,3.0, Tangerang,3100000000.0
625.0,250.0,4.0,1.0, Tangerang,2300000000.0
60.0,36.0,2.0,1.0, Tangerang,125000000.0
56.0,140.0,3.0,3.0, Tangerang,1300000000.0
450.0,450.0,6.0,5.0, Tangerang,15000000000.0
300.0,164.0,4.0,3.0, Tangerang,2400000000.0
60.0,120.0,3.0,3.0, Tangerang,1600000000.0
198.0,157.0,3.0,3.0, Tangerang,3650000000.0
108.0,134.0,4.0,3.0, Tangerang,3000000000.0
108.0,134.0,4.0,3.0, Tangerang,3000000000.0
162.0,141.0,3.0,2.0, Tangerang,2550000000.0
801.0,1046.0,5.0,4.0, Tangerang,27000000000.0
150.0,200.0,4.0,3.0, Tangerang,4000000000.0
240.0,300.0,4.0,4.0, Tangerang,6250000000.0
77.0,140.0,2.0,2.0, Tangerang,1100000000.0
115.0,130.0,5.0,3.0, Tangerang,1300000000.0
220.0,250.0,4.0,3.0, Tangerang,4000000000.0
225.0,120.0,3.0,3.0, Tangerang,3300000000.0
252.0,153.0,3.0,3.0, Tangerang,3300000000.0
60.0,68.0,2.0,2.0, Tangerang,1550000000.0
60.0,40.0,2.0,1.0, Tangerang,85000000.0
50.0,62.0,2.0,3.0, Tangerang,1790000000.0
776.0,310.0,4.0,4.0, Tangerang,8000000000.0
78.0,60.0,3.0,2.0, Tangerang,755000000.0
85.0,60.0,3.0,2.0, Tangerang,785000000.0
85.0,60.0,3.0,2.0, Tangerang,785000000.0
64.0,60.0,3.0,2.0, Tangerang,685000000.0
60.0,78.0,3.0,2.0, Tangerang,1200000000.0
64.0,60.0,3.0,2.0, Tangerang,685000000.0
72.0,36.0,2.0,1.0, Tangerang,588000000.0
85.0,60.0,3.0,2.0, Tangerang,785000000.0
78.0,60.0,3.0,2.0, Tangerang,755000000.0
60.0,65.0,3.0,2.0, Tangerang,800000000.0
64.0,60.0,3.0,2.0, Tangerang,655000000.0
